log_id,session_id,response_time_ms,request_path,device,hour,is_error
L000001,S0176,275.0,/home,Mobile,23,0
L000002,S0197,217.0,/category,mobile,8,0
L000003,S0026,85.0,/home,desktop,6,0
L000004,S0068,179.0,/product,DESKTOP,9,0
L000005,S0212,210.0,/category,mobile,0,0
L000006,S0104,60000.0,/home,MOBILE,14,0
L000007,S0349,45000.0,/category,mobile,10,0
L000008,S0186,55.0,/product,mobile,3,0
L000009,S0399,212.0,/home,Mobile,9,0
L000010,S0024,256.0,/home,mobile,7,0
L000011,S0073,217.0,/product,mobile,22,0
L000012,S0346,207.0,/category,mobile,4,0
L000013,S0367,123.0,/home,mobile,17,0
L000014,S0043,162.0,/product,mobile,8,0
L000015,S0219,193.0,/category,mobile,1,0
L000016,S0393,78.0,/product,mobile,20,0
L000017,S0168,375.0,/home,mobile,11,0
L000018,S0069,152.0,/home,MOBILE,17,0
L000019,S0384,259.0,/cart,desktop,7,0
L000020,S0392,251.0,/product,desktop,9,0
L000021,S0001,165.0,/cart,MOBILE,15,0
L000022,S0076,125.0,/cart,desktop,22,0
L000023,S0312,182.0,/category,mobile,5,0
L000024,S0251,174.0,/home,mobile,7,0
L000025,S0007,223.0,/product,mobile,3,0
L000026,S0276,44.0,/home,mobile,21,0
L000027,S0045,94.0,/home,Mobile,6,0
L000028,S0192,228.0,/home,Mobile,23,0
L000029,S0326,175.0,/category,mobile,2,0
L000030,S0313,259.0,/category,Mobile,9,0
L000031,S0153,109.0,/checkout,mobile,23,0
L000032,S0184,157.0,/home,mobile,10,0
L000033,S0113,235.0,/product,mobile,16,0
L000034,S0252,179.0,/product,mobile,19,0
L000035,S0190,308.0,/home,mobile,17,0
L000036,S0291,446.0,/home,mobile,21,0
L000037,S0313,230.0,/checkout,MOBILE,14,0
L000038,S0202,248.0,/product,desktop,19,0
L000039,S0039,257.0,/category,DESKTOP,17,0
L000040,S0261,283.0,/home,desktop,14,0
L000041,S0138,61.0,/home,desktop,23,0
L000042,S0344,250.0,/category,mobile,9,0
L000043,S0196,68.0,/category,desktop,11,0
L000044,S0073,339.0,/home,mobile,6,0
L000045,S0340,158.0,/cart,MOBILE,7,0
L000046,S0258,189.0,/product,mobile,1,0
L000047,S0193,15.0,/category,desktop,19,0
L000048,S0375,163.0,/category,desktop,15,0
L000049,S0350,220.0,/product,desktop,14,0
L000050,S0093,126.0,/category,desktop,16,0
L000051,S0253,207.0,/home,desktop,15,0
L000052,S0072,169.0,/home,DESKTOP,20,0
L000053,S0280,83.0,/checkout,Mobile,14,0
L000054,S0011,45.0,/product,desktop,20,0
L000055,S0234,313.0,/home,Mobile,17,0
L000056,S0292,126.0,/home,MOBILE,12,0
L000057,S0318,278.0,/product,Mobile,23,0
L000058,S0392,197.0,/home,MOBILE,16,0
L000059,S0152,,/product,desktop,2,0
L000060,S0093,,/home,desktop,3,0
L000061,S0248,107.0,/home,MOBILE,13,0
L000062,S0225,228.0,/product,desktop,8,0
L000063,S0150,209.0,/product,DESKTOP,13,0
L000064,S0357,257.0,/home,MOBILE,8,0
L000065,S0068,250.0,/home,desktop,13,0
L000066,S0380,185.0,/checkout,mobile,16,0
L000067,S0220,125.0,/product,desktop,6,0
L000068,S0020,103.0,/category,MOBILE,12,0
L000069,S0005,294.0,/category,DESKTOP,21,0
L000070,S0276,233.0,/product,mobile,19,0
L000071,S0034,267.0,/category,desktop,11,0
L000072,S0124,,/cart,Mobile,15,0
L000073,S0287,114.0,/home,desktop,5,0
L000074,S0186,196.0,/category,DESKTOP,2,0
L000075,S0230,223.0,/product,desktop,23,0
L000076,S0330,206.0,/home,mobile,18,0
L000077,S0384,158.0,/product,DESKTOP,21,0
L000078,S0131,47.0,/category,MOBILE,3,0
L000079,S0084,168.0,/home,mobile,2,0
L000080,S0022,175.0,/product,desktop,13,0
L000081,S0120,220.0,/product,mobile,14,0
L000082,S0068,201.0,/cart,mobile,19,0
L000083,S0204,308.0,/home,desktop,15,0
L000084,S0048,185.0,/category,mobile,0,0
L000085,S0273,17.0,/checkout,desktop,15,0
L000086,S0013,142.0,/home,MOBILE,8,0
L000087,S0350,134.0,/category,DESKTOP,5,0
L000088,S0108,235.0,/home,MOBILE,5,0
L000089,S0234,243.0,/category,MOBILE,1,0
L000090,S0394,151.0,/category,MOBILE,22,0
L000091,S0333,308.0,/category,DESKTOP,8,0
L000092,S0324,220.0,/cart,DESKTOP,22,0
L000093,S0111,89.0,/product,mobile,16,0
L000094,S0143,131.0,/category,desktop,9,0
L000095,S0125,235.0,/product,MOBILE,8,0
L000096,S0277,124.0,/home,desktop,5,0
L000097,S0310,196.0,/home,Mobile,23,0
L000098,S0400,256.0,/checkout,mobile,9,0
L000099,S0316,189.0,/home,mobile,13,0
L000100,S0036,243.0,/home,mobile,5,0
L000101,S0305,160.0,/home,desktop,99,0
L000102,S0261,106.0,/category,mobile,1,0
L000103,S0300,208.0,/home,desktop,13,0
L000104,S0251,102.0,/category,mobile,3,0
L000105,S0055,210.0,/cart,desktop,8,0
L000106,S0044,236.0,/home,desktop,14,0
L000107,S0216,146.0,/product,mobile,19,0
L000108,S0040,178.0,/checkout,mobile,14,0
L000109,S0132,191.0,/checkout,DESKTOP,0,0
L000110,S0397,232.0,/category,MOBILE,14,0
L000111,S0336,392.0,/home,MOBILE,12,0
L000112,S0286,298.0,/home,mobile,23,0
L000113,S0137,145.0,/product,mobile,14,0
L000114,S0055,,/home,mobile,3,0
L000115,S0167,157.0,/checkout,DESKTOP,8,1
L000116,S0374,254.0,/home,mobile,9,0
L000117,S0199,202.0,/home,desktop,13,1
L000118,S0150,244.0,/home,mobile,12,0
L000119,S0045,210.0,/product,MOBILE,9,0
L000120,S0136,,/cart,Mobile,2,0
L000121,S0210,263.0,/checkout,MOBILE,2,0
L000122,S0198,37.0,/home,desktop,2,0
L000123,S0101,250.0,/home,MOBILE,0,0
L000124,S0181,119.0,/category,MOBILE,7,0
L000125,S0170,251.0,/product,MOBILE,21,0
L000126,S0030,255.0,/home,mobile,18,0
L000127,S0283,,/cart,mobile,11,0
L000128,S0321,71.0,/home,MOBILE,19,0
L000129,S0253,257.0,/home,MOBILE,1,0
L000130,S0191,32.0,/home,desktop,22,0
L000131,S0215,89.0,/cart,Mobile,23,0
L000132,S0227,187.0,/product,MOBILE,10,0
L000133,S0013,184.0,/home,Mobile,8,0
L000134,S0135,276.0,/product,desktop,11,0
L000135,S0107,135.0,/category,MOBILE,12,0
L000136,S0111,,/home,MOBILE,8,0
L000137,S0373,156.0,/product,mobile,8,0
L000138,S0350,246.0,/category,desktop,12,0
L000139,S0235,66.0,/home,MOBILE,16,0
L000140,S0018,216.0,/checkout,desktop,18,0
L000141,S0006,184.0,/product,MOBILE,19,0
L000142,S0336,191.0,/category,MOBILE,12,0
L000143,S0050,98.0,/product,mobile,23,0
L000144,S0333,145.0,/checkout,MOBILE,12,0
L000145,S0106,177.0,/product,desktop,3,0
L000146,S0183,233.0,/checkout,DESKTOP,9,0
L000147,S0176,246.0,/category,MOBILE,7,0
L000148,S0088,298.0,/product,mobile,6,0
L000149,S0150,17.0,/home,MOBILE,9,0
L000150,S0261,307.0,/home,desktop,16,0
L000151,S0077,,/home,mobile,8,0
L000152,S0234,,/product,MOBILE,2,0
L000153,S0332,168.0,/home,Mobile,9,0
L000154,S0263,,/product,mobile,4,0
L000155,S0377,398.0,/home,Mobile,12,0
L000156,S0226,224.0,/product,MOBILE,20,0
L000157,S0086,166.0,/home,desktop,21,0
L000158,S0159,203.0,/product,mobile,18,0
L000159,S0364,104.0,/home,DESKTOP,22,0
L000160,S0313,269.0,/home,desktop,15,0
L000161,S0308,342.0,/home,Mobile,14,0
L000162,S0248,203.0,/product,mobile,15,0
L000163,S0184,80.0,/home,mobile,9,0
L000164,S0122,149.0,/checkout,Mobile,22,0
L000165,S0397,243.0,/cart,Mobile,15,0
L000166,S0077,86.0,/product,Mobile,13,0
L000167,S0366,228.0,/product,DESKTOP,17,0
L000168,S0200,107.0,/cart,mobile,20,0
L000169,S0086,,/checkout,mobile,2,0
L000170,S0187,224.0,/category,desktop,3,0
L000171,S0298,192.0,/cart,desktop,17,0
L000172,S0231,225.0,/category,mobile,23,0
L000173,S0400,222.0,/checkout,MOBILE,16,0
L000174,S0300,218.0,/product,mobile,14,0
L000175,S0316,20.0,/product,mobile,14,0
L000176,S0339,274.0,/checkout,mobile,3,0
L000177,S0064,138.0,/checkout,MOBILE,2,0
L000178,S0390,266.0,/product,MOBILE,3,0
L000179,S0036,92.0,/category,mobile,4,0
L000180,S0078,337.0,/product,mobile,22,0
L000181,S0289,160.0,/home,desktop,18,0
L000182,S0118,150.0,/home,Mobile,7,0
L000183,S0216,195.0,/home,desktop,0,0
L000184,S0162,150.0,/cart,Mobile,8,0
L000185,S0046,263.0,/category,desktop,4,0
L000186,S0117,87.0,/category,mobile,13,0
L000187,S0399,261.0,/product,mobile,12,0
L000188,S0046,272.0,/home,mobile,9,0
L000189,S0362,188.0,/home,desktop,18,0
L000190,S0043,304.0,/checkout,Mobile,3,0
L000191,S0353,236.0,/product,MOBILE,18,0
L000192,S0291,210.0,/home,DESKTOP,20,0
L000193,S0096,154.0,/category,mobile,9,0
L000194,S0369,135.0,/product,mobile,0,0
L000195,S0184,234.0,/home,desktop,8,0
L000196,S0231,192.0,/product,Mobile,7,0
L000197,S0266,153.0,/product,desktop,5,0
L000198,S0270,97.0,/category,mobile,3,0
L000199,S0342,223.0,/checkout,mobile,7,1
L000200,S0002,32.0,/category,Mobile,18,0
L000201,S0288,84.0,/category,desktop,10,0
L000202,S0399,253.0,/home,Mobile,22,0
L000203,S0209,364.0,/home,Mobile,10,0
L000204,S0049,167.0,/home,desktop,14,0
L000205,S0154,,/product,mobile,2,0
L000206,S0162,159.0,/product,DESKTOP,10,0
L000207,S0256,225.0,/category,desktop,9,0
L000208,S0339,131.0,/product,mobile,4,0
L000209,S0065,136.0,/home,Mobile,21,0
L000210,S0315,169.0,/home,desktop,2,0
L000211,S0267,90.0,/home,MOBILE,6,0
L000212,S0028,149.0,/product,mobile,9,0
L000213,S0157,131.0,/category,MOBILE,1,0
L000214,S0009,304.0,/cart,mobile,15,0
L000215,S0248,38.0,/product,mobile,15,0
L000216,S0101,156.0,/home,mobile,15,0
L000217,S0255,223.0,/category,MOBILE,13,0
L000218,S0311,374.0,/category,Mobile,1,0
L000219,S0299,2.0,/category,Mobile,21,0
L000220,S0349,292.0,/home,desktop,21,0
L000221,S0008,51.0,/category,mobile,2,0
L000222,S0242,111.0,/home,mobile,13,0
L000223,S0144,194.0,/product,DESKTOP,16,0
L000224,S0129,244.0,/home,MOBILE,6,0
L000225,S0211,154.0,/checkout,Mobile,9,0
L000226,S0232,293.0,/product,mobile,12,0
L000227,S0177,99.0,/category,mobile,9,0
L000228,S0045,151.0,/home,mobile,20,0
L000229,S0010,422.0,/checkout,mobile,3,0
L000230,S0303,95.0,/checkout,mobile,14,0
L000231,S0177,123.0,/product,mobile,21,0
L000232,S0128,118.0,/home,DESKTOP,21,0
L000233,S0006,263.0,/home,Mobile,23,0
L000234,S0145,153.0,/home,mobile,19,0
L000235,S0012,227.0,/category,Mobile,16,0
L000236,S0363,231.0,/home,MOBILE,1,0
L000237,S0161,261.0,/product,desktop,1,0
L000238,S0297,186.0,/cart,mobile,5,0
L000239,S0037,301.0,/category,MOBILE,2,0
L000240,S0070,161.0,/category,mobile,22,0
L000241,S0364,195.0,/home,desktop,12,0
L000242,S0094,179.0,/home,Mobile,13,0
L000243,S0050,134.0,/product,desktop,22,0
L000244,S0318,247.0,/home,mobile,6,0
L000245,S0367,146.0,/category,mobile,1,0
L000246,S0224,192.0,/home,Mobile,3,0
L000247,S0136,137.0,/home,mobile,6,0
L000248,S0093,259.0,/cart,mobile,0,0
L000249,S0315,198.0,/cart,Mobile,23,0
L000250,S0179,70.0,/home,desktop,10,0
L000251,S0177,66.0,/category,Mobile,18,0
L000252,S0335,318.0,/cart,MOBILE,19,0
L000253,S0048,275.0,/home,desktop,0,0
L000254,S0127,201.0,/category,MOBILE,2,0
L000255,S0212,222.0,/product,desktop,22,0
L000256,S0106,31.0,/cart,mobile,17,0
L000257,S0078,31.0,/checkout,Mobile,18,0
L000258,S0025,224.0,/home,desktop,10,0
L000259,S0068,38.0,/category,desktop,13,0
L000260,S0392,173.0,/cart,Mobile,0,0
L000261,S0050,51.0,/product,Mobile,7,0
L000262,S0034,128.0,/product,mobile,4,0
L000263,S0332,266.0,/home,mobile,12,0
L000264,S0348,119.0,/home,Mobile,20,0
L000265,S0069,193.0,/home,MOBILE,23,0
L000266,S0231,295.0,/category,Mobile,9,0
L000267,S0096,235.0,/home,mobile,17,0
L000268,S0126,147.0,/category,mobile,9,0
L000269,S0252,124.0,/category,DESKTOP,4,0
L000270,S0062,100.0,/product,desktop,20,0
L000271,S0351,5.0,/cart,MOBILE,23,0
L000272,S0079,273.0,/product,mobile,16,0
L000273,S0365,188.0,/product,desktop,22,0
L000274,S0077,,/product,mobile,7,0
L000275,S0370,11.0,/category,mobile,16,0
L000276,S0123,6.0,/checkout,MOBILE,22,0
L000277,S0381,198.0,/home,mobile,7,0
L000278,S0354,242.0,/home,mobile,12,0
L000279,S0009,259.0,/home,mobile,15,0
L000280,S0181,142.0,/home,mobile,18,0
L000281,S0095,231.0,/checkout,mobile,23,0
L000282,S0354,241.0,/product,desktop,19,0
L000283,S0208,112.0,/checkout,mobile,12,0
L000284,S0185,136.0,/product,DESKTOP,11,0
L000285,S0182,127.0,/home,MOBILE,15,0
L000286,S0035,186.0,/home,mobile,8,0
L000287,S0269,110.0,/home,mobile,9,0
L000288,S0261,338.0,/product,mobile,12,0
L000289,S0045,260.0,/checkout,Mobile,7,0
L000290,S0312,274.0,/cart,mobile,9,0
L000291,S0277,123.0,/product,desktop,5,0
L000292,S0300,151.0,/category,desktop,19,0
L000293,S0275,232.0,/home,DESKTOP,6,1
L000294,S0185,7.0,/category,Mobile,21,0
L000295,S0150,308.0,/category,mobile,16,0
L000296,S0122,173.0,/home,DESKTOP,17,0
L000297,S0019,135.0,/home,Mobile,22,0
L000298,S0360,285.0,/category,mobile,15,0
L000299,S0248,213.0,/home,mobile,5,0
L000300,S0006,230.0,/category,mobile,9,0
L000301,S0134,133.0,/home,Mobile,9,1
L000302,S0327,159.0,/category,Mobile,4,0
L000303,S0158,295.0,/product,desktop,1,0
L000304,S0247,,/category,mobile,2,0
L000305,S0069,221.0,/category,desktop,15,0
L000306,S0239,133.0,/home,desktop,5,0
L000307,S0103,231.0,/home,desktop,14,0
L000308,S0206,286.0,/product,Mobile,15,0
L000309,S0397,,/cart,DESKTOP,3,0
L000310,S0311,205.0,/product,MOBILE,9,0
L000311,S0089,133.0,/home,MOBILE,2,0
L000312,S0092,150.0,/category,desktop,5,0
L000313,S0017,23.0,/category,desktop,21,0
L000314,S0381,202.0,/home,DESKTOP,14,0
L000315,S0134,108.0,/category,mobile,11,0
L000316,S0105,43.0,/home,Mobile,0,0
L000317,S0094,130.0,/category,mobile,11,0
L000318,S0074,187.0,/cart,mobile,9,0
L000319,S0184,272.0,/product,Mobile,22,0
L000320,S0296,27.0,/home,Mobile,9,0
L000321,S0207,111.0,/cart,MOBILE,14,0
L000322,S0191,364.0,/product,mobile,2,0
L000323,S0387,87.0,/checkout,mobile,14,0
L000324,S0038,312.0,/cart,mobile,20,0
L000325,S0343,59.0,/home,DESKTOP,16,0
L000326,S0242,167.0,/product,DESKTOP,0,0
L000327,S0303,213.0,/category,mobile,13,0
L000328,S0266,126.0,/cart,mobile,11,0
L000329,S0164,179.0,/product,Mobile,1,0
L000330,S0016,161.0,/cart,mobile,18,0
L000331,S0161,218.0,/checkout,Mobile,0,0
L000332,S0356,224.0,/product,desktop,11,0
L000333,S0199,206.0,/category,mobile,16,0
L000334,S0385,18.0,/category,mobile,18,0
L000335,S0213,159.0,/home,DESKTOP,8,0
L000336,S0034,226.0,/home,desktop,17,0
L000337,S0022,235.0,/product,DESKTOP,5,0
L000338,S0323,190.0,/product,desktop,0,0
L000339,S0268,189.0,/category,Mobile,16,0
L000340,S0304,203.0,/category,Mobile,1,0
L000341,S0140,141.0,/cart,mobile,10,0
L000342,S0037,193.0,/home,mobile,23,0
L000343,S0238,14.0,/home,desktop,11,0
L000344,S0172,170.0,/cart,Mobile,19,0
L000345,S0254,190.0,/home,MOBILE,0,0
L000346,S0200,145.0,/home,mobile,7,0
L000347,S0310,185.0,/home,mobile,19,0
L000348,S0264,215.0,/home,desktop,6,0
L000349,S0127,219.0,/product,MOBILE,13,0
L000350,S0276,167.0,/home,MOBILE,15,0
L000351,S0343,109.0,/category,Mobile,6,0
L000352,S0302,218.0,/product,mobile,11,0
L000353,S0228,263.0,/checkout,mobile,12,0
L000354,S0383,,/category,mobile,2,0
L000355,S0338,179.0,/home,desktop,18,0
L000356,S0034,303.0,/home,DESKTOP,7,0
L000357,S0265,238.0,/home,mobile,12,0
L000358,S0373,208.0,/checkout,desktop,12,0
L000359,S0208,216.0,/category,MOBILE,13,0
L000360,S0275,309.0,/home,mobile,18,0
L000361,S0082,199.0,/home,DESKTOP,14,0
L000362,S0104,172.0,/product,desktop,5,0
L000363,S0385,374.0,/category,mobile,0,0
L000364,S0073,239.0,/home,MOBILE,21,0
L000365,S0398,106.0,/product,mobile,17,0
L000366,S0153,48.0,/home,desktop,23,0
L000367,S0269,237.0,/home,Mobile,14,0
L000368,S0178,353.0,/home,mobile,10,0
L000369,S0227,255.0,/product,mobile,0,0
L000370,S0196,216.0,/product,mobile,1,0
L000371,S0125,52.0,/checkout,desktop,16,0
L000372,S0097,173.0,/product,desktop,10,0
L000373,S0219,131.0,/category,mobile,23,0
L000374,S0338,169.0,/home,desktop,7,0
L000375,S0204,106.0,/cart,DESKTOP,14,0
L000376,S0130,239.0,/category,desktop,16,0
L000377,S0294,33.0,/product,Mobile,18,0
L000378,S0294,163.0,/home,mobile,11,0
L000379,S0348,192.0,/product,Mobile,12,0
L000380,S0212,5.0,/product,DESKTOP,6,0
L000381,S0044,229.0,/product,desktop,10,0
L000382,S0179,114.0,/home,Mobile,23,0
L000383,S0341,202.0,/cart,MOBILE,12,0
L000384,S0195,146.0,/category,DESKTOP,7,0
L000385,S0112,178.0,/home,MOBILE,22,0
L000386,S0137,130.0,/home,MOBILE,20,0
L000387,S0251,69.0,/home,mobile,12,0
L000388,S0063,217.0,/home,DESKTOP,10,0
L000389,S0085,158.0,/checkout,mobile,21,0
L000390,S0314,160.0,/product,mobile,16,0
L000391,S0384,101.0,/home,mobile,7,0
L000392,S0161,144.0,/product,mobile,8,0
L000393,S0255,313.0,/product,MOBILE,22,0
L000394,S0379,140.0,/cart,Mobile,19,0
L000395,S0238,214.0,/category,DESKTOP,5,0
L000396,S0323,211.0,/product,mobile,15,0
L000397,S0381,177.0,/home,mobile,8,0
L000398,S0196,50.0,/category,DESKTOP,18,0
L000399,S0029,166.0,/category,MOBILE,4,0
L000400,S0182,322.0,/product,mobile,19,0
L000401,S0080,215.0,/product,desktop,2,0
L000402,S0103,139.0,/category,desktop,8,0
L000403,S0330,116.0,/home,Mobile,16,0
L000404,S0362,139.0,/cart,MOBILE,3,0
L000405,S0042,226.0,/home,DESKTOP,6,0
L000406,S0293,107.0,/checkout,MOBILE,0,0
L000407,S0269,136.0,/category,desktop,23,0
L000408,S0355,165.0,/category,MOBILE,3,0
L000409,S0165,271.0,/home,desktop,14,0
L000410,S0343,5.0,/checkout,mobile,0,0
L000411,S0198,267.0,/product,Mobile,2,0
L000412,S0060,138.0,/product,desktop,22,0
L000413,S0336,226.0,/cart,Mobile,13,0
L000414,S0132,2.0,/home,mobile,17,1
L000415,S0166,292.0,/cart,Mobile,12,0
L000416,S0371,210.0,/category,desktop,13,0
L000417,S0087,275.0,/home,DESKTOP,14,0
L000418,S0175,205.0,/category,desktop,14,0
L000419,S0015,411.0,/product,Mobile,16,0
L000420,S0148,177.0,/product,desktop,11,0
L000421,S0179,194.0,/category,desktop,21,0
L000422,S0365,230.0,/home,mobile,0,0
L000423,S0294,262.0,/cart,MOBILE,4,0
L000424,S0314,215.0,/checkout,mobile,21,0
L000425,S0344,164.0,/home,desktop,11,0
L000426,S0070,206.0,/home,mobile,11,0
L000427,S0217,116.0,/category,mobile,21,0
L000428,S0268,208.0,/product,DESKTOP,14,0
L000429,S0027,195.0,/checkout,mobile,6,0
L000430,S0291,134.0,/cart,MOBILE,13,0
L000431,S0081,263.0,/product,mobile,16,0
L000432,S0298,178.0,/home,mobile,12,0
L000433,S0340,259.0,/home,mobile,3,0
L000434,S0291,151.0,/home,desktop,19,0
L000435,S0331,120.0,/product,DESKTOP,9,0
L000436,S0325,270.0,/home,DESKTOP,21,0
L000437,S0196,257.0,/product,DESKTOP,6,0
L000438,S0005,98.0,/cart,Mobile,10,0
L000439,S0105,212.0,/home,MOBILE,4,0
L000440,S0136,295.0,/product,Mobile,8,0
L000441,S0235,,/home,MOBILE,20,0
L000442,S0315,149.0,/category,mobile,7,0
L000443,S0113,296.0,/product,Mobile,18,0
L000444,S0259,285.0,/home,mobile,17,0
L000445,S0296,9.0,/product,mobile,14,0
L000446,S0331,247.0,/category,MOBILE,22,0
L000447,S0073,189.0,/home,MOBILE,17,0
L000448,S0350,288.0,/cart,mobile,19,0
L000449,S0005,189.0,/home,desktop,15,0
L000450,S0001,313.0,/checkout,mobile,16,0
L000451,S0181,200.0,/category,mobile,20,0
L000452,S0114,,/category,mobile,3,0
L000453,S0021,403.0,/home,desktop,7,0
L000454,S0125,191.0,/product,DESKTOP,9,0
L000455,S0378,343.0,/product,MOBILE,19,0
L000456,S0032,139.0,/home,mobile,14,0
L000457,S0369,240.0,/home,MOBILE,1,0
L000458,S0050,183.0,/product,MOBILE,12,0
L000459,S0369,,/home,MOBILE,21,0
L000460,S0235,212.0,/home,mobile,10,0
L000461,S0151,173.0,/category,MOBILE,13,0
L000462,S0159,266.0,/home,mobile,22,0
L000463,S0115,187.0,/cart,mobile,5,0
L000464,S0321,213.0,/category,mobile,11,0
L000465,S0163,243.0,/product,mobile,13,0
L000466,S0085,135.0,/cart,Mobile,10,0
L000467,S0080,114.0,/category,mobile,21,0
L000468,S0395,,/category,Mobile,21,0
L000469,S0001,61.0,/home,MOBILE,18,0
L000470,S0385,177.0,/home,mobile,14,0
L000471,S0227,168.0,/home,mobile,2,0
L000472,S0164,141.0,/home,desktop,6,0
L000473,S0120,143.0,/product,MOBILE,17,0
L000474,S0119,143.0,/product,mobile,6,0
L000475,S0157,314.0,/home,desktop,13,0
L000476,S0292,194.0,/checkout,desktop,17,0
L000477,S0342,206.0,/home,DESKTOP,16,0
L000478,S0174,98.0,/home,MOBILE,9,0
L000479,S0345,135.0,/product,mobile,18,0
L000480,S0215,96.0,/category,mobile,2,0
L000481,S0088,265.0,/cart,MOBILE,18,0
L000482,S0244,216.0,/category,Mobile,0,0
L000483,S0396,81.0,/category,MOBILE,4,0
L000484,S0377,128.0,/product,mobile,0,0
L000485,S0012,193.0,/product,mobile,5,0
L000486,S0374,104.0,/product,mobile,14,0
L000487,S0323,184.0,/home,mobile,5,0
L000488,S0094,221.0,/product,desktop,17,0
L000489,S0360,191.0,/cart,Mobile,15,0
L000490,S0362,185.0,/cart,desktop,21,0
L000491,S0311,150.0,/product,mobile,16,0
L000492,S0171,296.0,/product,desktop,18,1
L000493,S0251,184.0,/product,desktop,22,0
L000494,S0393,238.0,/product,MOBILE,4,0
L000495,S0167,106.0,/home,DESKTOP,22,0
L000496,S0091,35.0,/category,mobile,10,0
L000497,S0146,145.0,/home,Mobile,1,0
L000498,S0145,58.0,/product,desktop,8,0
L000499,S0072,78.0,/category,Mobile,13,0
L000500,S0119,300.0,/product,desktop,4,0
L000501,S0057,116.0,/product,Mobile,21,0
L000502,S0246,225.0,/home,mobile,11,1
L000503,S0261,205.0,/home,mobile,23,0
L000504,S0255,38.0,/home,Mobile,5,0
L000505,S0175,164.0,/checkout,desktop,0,0
L000506,S0068,221.0,/category,mobile,23,0
L000507,S0241,90.0,/home,mobile,2,0
L000508,S0216,141.0,/category,mobile,8,0
L000509,S0285,253.0,/home,MOBILE,21,0
L000510,S0173,173.0,/cart,Mobile,18,0
L000511,S0293,200.0,/home,mobile,16,0
L000512,S0032,205.0,/product,MOBILE,11,0
L000513,S0305,173.0,/home,desktop,15,0
L000514,S0041,154.0,/cart,mobile,19,0
L000515,S0123,242.0,/product,mobile,18,0
L000516,S0188,143.0,/cart,DESKTOP,21,0
L000517,S0256,,/product,desktop,3,0
L000518,S0321,53.0,/checkout,MOBILE,19,0
L000519,S0029,,/category,MOBILE,3,0
L000520,S0008,87.0,/cart,desktop,4,0
L000521,S0044,245.0,/product,MOBILE,17,0
L000522,S0347,185.0,/checkout,DESKTOP,5,0
L000523,S0134,345.0,/home,desktop,14,0
L000524,S0333,150.0,/home,desktop,5,0
L000525,S0322,144.0,/home,Mobile,13,0
L000526,S0214,146.0,/home,Mobile,17,0
L000527,S0090,270.0,/home,MOBILE,7,0
L000528,S0181,126.0,/category,desktop,6,0
L000529,S0090,341.0,/category,DESKTOP,12,0
L000530,S0379,108.0,/category,desktop,4,0
L000531,S0022,21.0,/product,mobile,16,0
L000532,S0103,90.0,/home,desktop,23,0
L000533,S0108,213.0,/home,desktop,21,0
L000534,S0377,141.0,/home,desktop,19,0
L000535,S0166,,/product,MOBILE,3,0
L000536,S0282,146.0,/product,MOBILE,1,0
L000537,S0383,193.0,/home,desktop,1,1
L000538,S0069,111.0,/product,MOBILE,22,0
L000539,S0151,331.0,/category,Mobile,1,0
L000540,S0033,304.0,/category,desktop,8,0
L000541,S0320,205.0,/category,mobile,9,0
L000542,S0227,178.0,/product,MOBILE,3,0
L000543,S0011,251.0,/cart,Mobile,18,0
L000544,S0334,57.0,/home,mobile,17,0
L000545,S0164,142.0,/category,mobile,13,0
L000546,S0039,106.0,/home,Mobile,22,0
L000547,S0360,166.0,/home,MOBILE,15,0
L000548,S0113,204.0,/home,mobile,20,0
L000549,S0001,231.0,/category,Mobile,14,0
L000550,S0083,266.0,/product,MOBILE,5,0
L000551,S0263,174.0,/home,Mobile,5,0
L000552,S0259,212.0,/category,Mobile,17,0
L000553,S0015,118.0,/home,MOBILE,20,0
L000554,S0175,187.0,/product,mobile,15,0
L000555,S0323,100.0,/category,Mobile,5,0
L000556,S0288,64.0,/home,MOBILE,5,0
L000557,S0393,219.0,/home,desktop,6,0
L000558,S0078,217.0,/product,mobile,3,0
L000559,S0170,204.0,/cart,desktop,21,0
L000560,S0155,122.0,/category,MOBILE,22,0
L000561,S0104,244.0,/home,desktop,19,0
L000562,S0275,130.0,/product,desktop,7,0
L000563,S0341,226.0,/home,mobile,18,0
L000564,S0024,224.0,/product,MOBILE,22,0
L000565,S0184,35.0,/product,desktop,22,0
L000566,S0349,221.0,/checkout,Mobile,14,0
L000567,S0380,168.0,/cart,MOBILE,4,0
L000568,S0208,185.0,/cart,MOBILE,3,0
L000569,S0302,174.0,/product,Mobile,17,1
L000570,S0354,111.0,/cart,Mobile,9,0
L000571,S0258,91.0,/home,mobile,6,0
L000572,S0281,113.0,/category,mobile,7,0
L000573,S0104,181.0,/category,mobile,5,0
L000574,S0315,,/product,desktop,2,0
L000575,S0293,82.0,/checkout,desktop,15,0
L000576,S0043,182.0,/product,mobile,2,0
L000577,S0048,211.0,/cart,MOBILE,12,0
L000578,S0343,73.0,/category,MOBILE,20,0
L000579,S0386,122.0,/home,mobile,12,0
L000580,S0085,,/home,Mobile,16,0
L000581,S0201,246.0,/product,MOBILE,6,0
L000582,S0344,149.0,/cart,mobile,13,0
L000583,S0175,275.0,/product,Mobile,20,0
L000584,S0308,132.0,/home,mobile,0,0
L000585,S0382,221.0,/home,desktop,3,0
L000586,S0028,,/home,MOBILE,3,0
L000587,S0292,117.0,/cart,Mobile,8,0
L000588,S0207,254.0,/category,mobile,11,0
L000589,S0151,315.0,/home,MOBILE,16,0
L000590,S0117,153.0,/product,MOBILE,0,0
L000591,S0090,223.0,/product,MOBILE,13,0
L000592,S0118,127.0,/category,Mobile,3,0
L000593,S0190,55.0,/home,mobile,1,0
L000594,S0282,283.0,/checkout,mobile,1,0
L000595,S0031,220.0,/product,desktop,14,0
L000596,S0107,170.0,/checkout,mobile,3,0
L000597,S0077,269.0,/category,MOBILE,21,0
L000598,S0344,,/cart,Mobile,2,0
L000599,S0359,228.0,/home,DESKTOP,23,0
L000600,S0250,288.0,/category,Mobile,18,0
L000601,S0249,240.0,/product,desktop,10,0
L000602,S0089,259.0,/product,desktop,6,0
L000603,S0343,167.0,/cart,desktop,0,0
L000604,S0156,213.0,/home,desktop,18,0
L000605,S0387,166.0,/home,mobile,21,0
L000606,S0307,208.0,/checkout,DESKTOP,1,0
L000607,S0364,290.0,/category,mobile,12,0
L000608,S0018,212.0,/category,desktop,18,0
L000609,S0053,146.0,/product,mobile,12,0
L000610,S0005,148.0,/home,DESKTOP,16,0
L000611,S0090,207.0,/checkout,Mobile,19,0
L000612,S0222,273.0,/cart,mobile,13,0
L000613,S0332,147.0,/home,mobile,22,0
L000614,S0102,349.0,/home,desktop,20,0
L000615,S0255,279.0,/cart,mobile,9,0
L000616,S0224,250.0,/home,Mobile,5,0
L000617,S0059,84.0,/product,desktop,11,0
L000618,S0004,241.0,/home,DESKTOP,4,0
L000619,S0249,116.0,/home,desktop,23,0
L000620,S0232,251.0,/product,mobile,16,0
L000621,S0063,300.0,/home,Mobile,4,0
L000622,S0001,276.0,/product,mobile,9,0
L000623,S0365,250.0,/product,Mobile,9,0
L000624,S0121,144.0,/cart,desktop,10,1
L000625,S0080,162.0,/product,mobile,9,0
L000626,S0246,61.0,/product,desktop,7,0
L000627,S0101,182.0,/category,mobile,7,0
L000628,S0045,128.0,/home,mobile,21,0
L000629,S0142,249.0,/product,Mobile,21,0
L000630,S0097,155.0,/category,desktop,11,1
L000631,S0117,212.0,/category,DESKTOP,3,0
L000632,S0056,269.0,/product,MOBILE,5,0
L000633,S0183,107.0,/cart,Mobile,5,0
L000634,S0332,248.0,/category,desktop,9,0
L000635,S0236,198.0,/home,MOBILE,10,0
L000636,S0194,307.0,/home,MOBILE,8,0
L000637,S0353,248.0,/home,mobile,6,0
L000638,S0232,287.0,/product,MOBILE,7,0
L000639,S0391,260.0,/home,mobile,14,0
L000640,S0305,243.0,/category,mobile,1,1
L000641,S0388,223.0,/cart,DESKTOP,20,0
L000642,S0056,121.0,/category,Mobile,7,0
L000643,S0389,222.0,/product,mobile,21,0
L000644,S0220,204.0,/product,desktop,13,0
L000645,S0105,224.0,/cart,Mobile,2,0
L000646,S0287,29.0,/product,mobile,0,1
L000647,S0283,128.0,/home,Mobile,0,0
L000648,S0303,122.0,/checkout,desktop,6,0
L000649,S0056,125.0,/checkout,mobile,4,0
L000650,S0042,70.0,/product,Mobile,12,0
L000651,S0311,184.0,/checkout,MOBILE,21,0
L000652,S0283,162.0,/cart,Mobile,6,0
L000653,S0092,138.0,/home,desktop,19,0
L000654,S0218,155.0,/cart,mobile,3,0
L000655,S0150,34.0,/category,desktop,16,0
L000656,S0237,217.0,/product,Mobile,19,0
L000657,S0203,326.0,/product,mobile,6,0
L000658,S0354,290.0,/product,Mobile,0,0
L000659,S0038,255.0,/category,Mobile,14,0
L000660,S0301,93.0,/product,DESKTOP,22,0
L000661,S0178,155.0,/home,DESKTOP,8,0
L000662,S0211,274.0,/home,mobile,14,0
L000663,S0302,91.0,/home,mobile,10,1
L000664,S0338,208.0,/product,mobile,12,0
L000665,S0312,117.0,/home,MOBILE,7,0
L000666,S0274,256.0,/home,DESKTOP,8,0
L000667,S0227,,/checkout,mobile,3,0
L000668,S0375,242.0,/product,mobile,6,0
L000669,S0078,91.0,/category,desktop,20,0
L000670,S0063,137.0,/home,desktop,18,0
L000671,S0048,93.0,/product,mobile,21,0
L000672,S0070,30.0,/product,desktop,3,0
L000673,S0041,230.0,/home,mobile,1,0
L000674,S0308,147.0,/cart,DESKTOP,3,0
L000675,S0066,256.0,/home,mobile,2,0
L000676,S0033,226.0,/home,MOBILE,19,0
L000677,S0181,86.0,/home,DESKTOP,3,0
L000678,S0372,,/checkout,desktop,2,0
L000679,S0200,267.0,/home,desktop,17,0
L000680,S0389,249.0,/category,mobile,13,0
L000681,S0030,294.0,/home,desktop,9,0
L000682,S0077,248.0,/checkout,Mobile,6,0
L000683,S0357,115.0,/checkout,Mobile,9,0
L000684,S0001,130.0,/cart,MOBILE,12,0
L000685,S0230,386.0,/category,desktop,15,0
L000686,S0003,321.0,/home,desktop,19,0
L000687,S0304,222.0,/category,desktop,3,0
L000688,S0342,221.0,/checkout,DESKTOP,7,0
L000689,S0279,107.0,/category,mobile,16,0
L000690,S0330,269.0,/category,mobile,10,0
L000691,S0343,120.0,/cart,DESKTOP,12,0
L000692,S0120,135.0,/product,MOBILE,5,0
L000693,S0344,206.0,/category,mobile,14,0
L000694,S0053,209.0,/product,MOBILE,19,0
L000695,S0267,,/home,Mobile,22,1
L000696,S0137,282.0,/product,DESKTOP,17,0
L000697,S0332,263.0,/checkout,desktop,15,0
L000698,S0120,211.0,/home,MOBILE,2,0
L000699,S0296,164.0,/category,desktop,22,0
L000700,S0313,174.0,/product,Mobile,21,0
L000701,S0324,,/cart,DESKTOP,3,0
L000702,S0116,110.0,/home,desktop,18,0
L000703,S0328,127.0,/home,DESKTOP,1,1
L000704,S0113,173.0,/cart,mobile,19,0
L000705,S0273,251.0,/home,MOBILE,13,0
L000706,S0071,204.0,/cart,desktop,21,0
L000707,S0264,81.0,/home,Mobile,11,0
L000708,S0334,234.0,/home,Mobile,5,0
L000709,S0017,142.0,/cart,desktop,9,0
L000710,S0253,243.0,/home,mobile,5,0
L000711,S0003,158.0,/home,mobile,6,0
L000712,S0360,142.0,/category,desktop,18,0
L000713,S0133,,/category,mobile,4,0
L000714,S0030,201.0,/category,desktop,6,0
L000715,S0230,147.0,/product,mobile,13,0
L000716,S0334,71.0,/home,MOBILE,10,0
L000717,S0192,,/product,DESKTOP,2,0
L000718,S0281,179.0,/product,DESKTOP,19,0
L000719,S0193,114.0,/home,Mobile,6,0
L000720,S0214,242.0,/checkout,Mobile,18,0
L000721,S0356,233.0,/home,mobile,10,0
L000722,S0108,,/category,MOBILE,2,0
L000723,S0240,173.0,/checkout,MOBILE,10,0
L000724,S0219,230.0,/category,MOBILE,19,0
L000725,S0222,386.0,/product,DESKTOP,0,0
L000726,S0208,117.0,/category,DESKTOP,22,0
L000727,S0133,119.0,/product,desktop,7,0
L000728,S0150,331.0,/home,mobile,15,0
L000729,S0239,150.0,/home,MOBILE,20,0
L000730,S0156,167.0,/category,mobile,21,0
L000731,S0377,288.0,/home,MOBILE,23,1
L000732,S0086,168.0,/home,mobile,16,0
L000733,S0282,238.0,/home,MOBILE,16,0
L000734,S0366,198.0,/home,desktop,7,0
L000735,S0006,207.0,/category,desktop,14,0
L000736,S0385,233.0,/product,mobile,7,0
L000737,S0174,316.0,/home,Mobile,20,0
L000738,S0274,276.0,/product,mobile,17,0
L000739,S0331,196.0,/cart,mobile,23,0
L000740,S0296,154.0,/home,Mobile,1,0
L000741,S0152,140.0,/home,DESKTOP,19,0
L000742,S0195,238.0,/home,mobile,6,0
L000743,S0333,155.0,/home,mobile,5,0
L000744,S0053,164.0,/product,MOBILE,10,0
L000745,S0281,179.0,/category,MOBILE,16,0
L000746,S0003,280.0,/home,mobile,3,0
L000747,S0200,147.0,/home,MOBILE,9,0
L000748,S0102,240.0,/category,desktop,19,0
L000749,S0072,329.0,/home,MOBILE,22,0
L000750,S0252,198.0,/cart,Mobile,5,0
L000751,S0189,358.0,/cart,Mobile,0,0
L000752,S0234,153.0,/product,mobile,2,0
L000753,S0292,219.0,/category,mobile,21,0
L000754,S0353,134.0,/product,MOBILE,9,0
L000755,S0115,,/cart,mobile,10,0
L000756,S0282,,/home,mobile,16,0
L000757,S0170,144.0,/home,Mobile,5,0
L000758,S0213,272.0,/product,desktop,10,0
L000759,S0308,243.0,/home,desktop,13,0
L000760,S0262,131.0,/product,Mobile,4,0
L000761,S0381,31.0,/category,desktop,18,0
L000762,S0256,155.0,/cart,desktop,6,0
L000763,S0080,160.0,/home,desktop,22,0
L000764,S0297,246.0,/home,MOBILE,12,0
L000765,S0261,319.0,/cart,mobile,9,0
L000766,S0009,321.0,/checkout,MOBILE,11,0
L000767,S0066,,/product,mobile,3,0
L000768,S0021,315.0,/checkout,desktop,16,0
L000769,S0259,224.0,/category,mobile,19,0
L000770,S0175,99.0,/home,Mobile,20,0
L000771,S0078,77.0,/checkout,DESKTOP,7,0
L000772,S0265,254.0,/home,Mobile,0,0
L000773,S0140,50.0,/product,MOBILE,11,0
L000774,S0065,173.0,/category,mobile,13,0
L000775,S0011,386.0,/home,mobile,5,0
L000776,S0362,41.0,/cart,DESKTOP,20,0
L000777,S0121,92.0,/checkout,desktop,6,0
L000778,S0370,249.0,/home,desktop,9,0
L000779,S0284,189.0,/home,mobile,2,0
L000780,S0032,83.0,/product,DESKTOP,5,0
L000781,S0396,164.0,/category,DESKTOP,1,0
L000782,S0032,305.0,/category,Mobile,1,0
L000783,S0290,227.0,/product,mobile,18,0
L000784,S0266,189.0,/product,mobile,1,0
L000785,S0222,188.0,/cart,MOBILE,0,0
L000786,S0335,191.0,/home,MOBILE,6,0
L000787,S0067,138.0,/product,desktop,16,0
L000788,S0330,306.0,/checkout,Mobile,18,0
L000789,S0204,379.0,/home,DESKTOP,21,0
L000790,S0122,202.0,/home,mobile,19,0
L000791,S0322,,/category,mobile,12,0
L000792,S0192,82.0,/cart,desktop,12,0
L000793,S0082,94.0,/home,mobile,19,0
L000794,S0134,270.0,/product,Mobile,9,0
L000795,S0112,,/product,Mobile,10,0
L000796,S0167,212.0,/category,MOBILE,6,0
L000797,S0352,186.0,/home,MOBILE,21,0
L000798,S0051,108.0,/category,mobile,14,0
L000799,S0143,362.0,/cart,Mobile,12,0
L000800,S0121,317.0,/home,Mobile,23,0
L000801,S0210,85.0,/home,MOBILE,23,0
L000802,S0369,82.0,/product,mobile,23,0
L000803,S0262,227.0,/home,DESKTOP,0,0
L000804,S0370,42.0,/home,desktop,12,0
L000805,S0125,189.0,/checkout,desktop,8,0
L000806,S0341,202.0,/home,desktop,23,0
L000807,S0125,135.0,/product,mobile,2,0
L000808,S0387,152.0,/category,mobile,10,0
L000809,S0023,105.0,/checkout,mobile,18,0
L000810,S0389,193.0,/home,mobile,10,0
L000811,S0239,209.0,/cart,mobile,14,0
L000812,S0226,172.0,/checkout,desktop,10,0
L000813,S0360,315.0,/home,DESKTOP,17,0
L000814,S0052,203.0,/home,DESKTOP,10,0
L000815,S0353,156.0,/home,mobile,13,0
L000816,S0178,214.0,/product,DESKTOP,3,0
L000817,S0311,82.0,/home,MOBILE,20,0
L000818,S0395,218.0,/cart,mobile,0,0
L000819,S0017,104.0,/product,DESKTOP,3,0
L000820,S0376,132.0,/home,DESKTOP,19,0
L000821,S0116,255.0,/category,desktop,4,0
L000822,S0300,49.0,/product,mobile,19,0
L000823,S0148,214.0,/cart,DESKTOP,15,0
L000824,S0275,0.0,/home,MOBILE,3,0
L000825,S0211,146.0,/home,desktop,20,0
L000826,S0001,239.0,/home,MOBILE,15,0
L000827,S0013,112.0,/category,mobile,9,1
L000828,S0046,103.0,/category,MOBILE,0,0
L000829,S0278,245.0,/product,Mobile,15,0
L000830,S0273,164.0,/category,Mobile,17,0
L000831,S0175,84.0,/category,mobile,12,0
L000832,S0272,208.0,/home,MOBILE,21,0
L000833,S0363,249.0,/product,MOBILE,12,1
L000834,S0251,225.0,/cart,mobile,22,0
L000835,S0203,220.0,/category,mobile,13,0
L000836,S0090,198.0,/cart,MOBILE,14,0
L000837,S0321,351.0,/cart,mobile,16,0
L000838,S0089,120.0,/home,DESKTOP,6,0
L000839,S0033,165.0,/home,MOBILE,5,0
L000840,S0040,203.0,/product,mobile,1,0
L000841,S0177,130.0,/home,desktop,21,0
L000842,S0123,143.0,/product,MOBILE,13,0
L000843,S0040,112.0,/product,mobile,4,0
L000844,S0399,96.0,/product,desktop,9,0
L000845,S0028,234.0,/home,MOBILE,11,0
L000846,S0242,246.0,/home,desktop,9,0
L000847,S0241,189.0,/checkout,desktop,22,0
L000848,S0259,96.0,/home,Mobile,18,0
L000849,S0210,96.0,/home,Mobile,5,0
L000850,S0185,217.0,/cart,desktop,1,0
L000851,S0130,162.0,/cart,mobile,0,0
L000852,S0323,157.0,/home,desktop,6,0
L000853,S0243,21.0,/home,MOBILE,15,0
L000854,S0031,230.0,/category,desktop,19,0
L000855,S0330,150.0,/cart,MOBILE,21,0
L000856,S0216,182.0,/product,Mobile,4,0
L000857,S0241,100.0,/product,Mobile,16,0
L000858,S0325,147.0,/product,DESKTOP,9,0
L000859,S0302,120.0,/cart,mobile,3,0
L000860,S0301,100.0,/home,mobile,21,0
L000861,S0101,27.0,/category,mobile,16,0
L000862,S0081,276.0,/category,mobile,11,0
L000863,S0070,158.0,/home,Mobile,5,0
L000864,S0181,,/home,DESKTOP,3,0
L000865,S0168,233.0,/home,Mobile,17,0
L000866,S0238,173.0,/checkout,MOBILE,16,0
L000867,S0219,,/home,mobile,2,0
L000868,S0353,299.0,/cart,Mobile,20,0
L000869,S0304,272.0,/checkout,MOBILE,22,0
L000870,S0251,125.0,/product,desktop,5,0
L000871,S0128,174.0,/category,MOBILE,10,0
L000872,S0078,105.0,/home,mobile,1,0
L000873,S0296,92.0,/checkout,Mobile,17,0
L000874,S0396,158.0,/product,DESKTOP,14,0
L000875,S0354,124.0,/product,Mobile,1,0
L000876,S0294,,/category,DESKTOP,3,0
L000877,S0311,,/home,mobile,3,0
L000878,S0089,352.0,/product,MOBILE,17,0
L000879,S0122,271.0,/home,DESKTOP,9,0
L000880,S0308,129.0,/category,mobile,3,0
L000881,S0339,55.0,/product,DESKTOP,23,0
L000882,S0113,157.0,/cart,Mobile,10,0
L000883,S0130,179.0,/product,desktop,6,0
L000884,S0331,46.0,/home,mobile,0,0
L000885,S0203,,/home,DESKTOP,2,0
L000886,S0049,227.0,/checkout,desktop,0,0
L000887,S0361,195.0,/home,mobile,19,0
L000888,S0003,141.0,/category,Mobile,20,0
L000889,S0288,241.0,/home,MOBILE,14,0
L000890,S0160,222.0,/cart,mobile,21,0
L000891,S0016,91.0,/category,MOBILE,20,0
L000892,S0174,160.0,/home,mobile,1,0
L000893,S0250,201.0,/checkout,desktop,21,0
L000894,S0391,157.0,/home,mobile,1,0
L000895,S0085,134.0,/product,mobile,2,0
L000896,S0151,81.0,/cart,MOBILE,19,0
L000897,S0393,113.0,/home,mobile,11,0
L000898,S0032,,/cart,DESKTOP,20,0
L000899,S0299,254.0,/category,desktop,22,0
L000900,S0330,228.0,/home,Mobile,13,0
L000901,S0348,233.0,/home,desktop,5,0
L000902,S0358,210.0,/home,DESKTOP,10,0
L000903,S0315,157.0,/home,DESKTOP,19,0
L000904,S0329,85.0,/checkout,mobile,15,0
L000905,S0178,281.0,/product,mobile,17,0
L000906,S0239,172.0,/product,mobile,11,0
L000907,S0385,196.0,/category,Mobile,8,0
L000908,S0288,237.0,/product,mobile,19,0
L000909,S0280,187.0,/category,MOBILE,20,0
L000910,S0097,103.0,/home,desktop,16,0
L000911,S0008,222.0,/home,mobile,13,0
L000912,S0257,149.0,/home,desktop,3,0
L000913,S0316,158.0,/product,MOBILE,13,0
L000914,S0159,92.0,/home,mobile,1,0
L000915,S0251,136.0,/category,mobile,20,0
L000916,S0193,185.0,/home,desktop,10,0
L000917,S0316,186.0,/home,MOBILE,10,0
L000918,S0233,296.0,/product,desktop,19,0
L000919,S0259,253.0,/category,mobile,0,0
L000920,S0199,171.0,/product,mobile,4,0
L000921,S0163,254.0,/category,mobile,17,0
L000922,S0369,119.0,/checkout,mobile,17,0
L000923,S0178,151.0,/product,mobile,17,0
L000924,S0078,100.0,/cart,Mobile,19,0
L000925,S0366,162.0,/product,Mobile,3,0
L000926,S0247,13.0,/cart,MOBILE,12,0
L000927,S0029,139.0,/home,mobile,16,0
L000928,S0389,131.0,/home,Mobile,17,0
L000929,S0191,209.0,/home,mobile,16,0
L000930,S0304,57.0,/product,Mobile,5,0
L000931,S0149,270.0,/home,mobile,8,0
L000932,S0146,175.0,/product,mobile,1,0
L000933,S0296,98.0,/home,mobile,10,0
L000934,S0339,261.0,/category,MOBILE,14,0
L000935,S0088,219.0,/category,mobile,14,0
L000936,S0015,239.0,/home,mobile,0,0
L000937,S0017,183.0,/category,Mobile,20,0
L000938,S0146,191.0,/home,Mobile,5,0
L000939,S0136,284.0,/product,DESKTOP,4,0
L000940,S0318,299.0,/home,MOBILE,10,0
L000941,S0328,70.0,/category,mobile,11,0
L000942,S0243,141.0,/home,mobile,15,0
L000943,S0036,185.0,/category,desktop,21,0
L000944,S0369,43.0,/category,Mobile,19,0
L000945,S0350,236.0,/checkout,DESKTOP,18,0
L000946,S0159,46.0,/home,desktop,6,0
L000947,S0074,203.0,/home,mobile,18,0
L000948,S0186,387.0,/cart,desktop,22,0
L000949,S0046,217.0,/product,MOBILE,10,0
L000950,S0369,271.0,/product,MOBILE,21,0
L000951,S0138,189.0,/home,desktop,0,0
L000952,S0130,230.0,/checkout,Mobile,1,0
L000953,S0017,210.0,/product,mobile,0,0
L000954,S0144,400.0,/home,MOBILE,21,0
L000955,S0107,126.0,/home,MOBILE,23,0
L000956,S0219,191.0,/category,mobile,0,0
L000957,S0122,113.0,/home,mobile,12,0
L000958,S0036,161.0,/home,DESKTOP,7,0
L000959,S0020,314.0,/cart,desktop,10,0
L000960,S0070,87.0,/product,mobile,11,0
L000961,S0334,99.0,/home,desktop,4,0
L000962,S0067,295.0,/home,DESKTOP,14,0
L000963,S0233,171.0,/home,mobile,0,0
L000964,S0295,181.0,/cart,desktop,16,0
L000965,S0032,344.0,/category,desktop,1,0
L000966,S0012,53.0,/home,desktop,10,0
L000967,S0215,152.0,/home,MOBILE,21,0
L000968,S0320,204.0,/checkout,mobile,6,0
L000969,S0022,152.0,/cart,mobile,13,0
L000970,S0256,110.0,/checkout,DESKTOP,14,0
L000971,S0044,206.0,/home,MOBILE,0,0
L000972,S0002,240.0,/home,Mobile,15,0
L000973,S0143,29.0,/category,DESKTOP,9,1
L000974,S0083,115.0,/product,MOBILE,18,0
L000975,S0164,130.0,/home,mobile,0,0
L000976,S0139,195.0,/cart,mobile,17,0
L000977,S0227,,/home,desktop,2,0
L000978,S0123,184.0,/category,mobile,0,0
L000979,S0178,273.0,/home,Mobile,3,0
L000980,S0007,,/home,desktop,2,0
L000981,S0267,260.0,/home,MOBILE,16,0
L000982,S0175,142.0,/home,mobile,20,0
L000983,S0314,0.0,/product,Mobile,16,1
L000984,S0118,258.0,/home,mobile,17,0
L000985,S0367,212.0,/checkout,MOBILE,16,0
L000986,S0399,167.0,/home,mobile,21,0
L000987,S0008,200.0,/home,mobile,11,0
L000988,S0320,250.0,/home,desktop,6,0
L000989,S0222,196.0,/home,mobile,15,0
L000990,S0107,256.0,/home,MOBILE,3,0
L000991,S0174,132.0,/category,MOBILE,0,0
L000992,S0345,283.0,/product,desktop,11,0
L000993,S0045,231.0,/category,DESKTOP,13,0
L000994,S0201,350.0,/category,desktop,4,0
L000995,S0377,282.0,/cart,mobile,5,0
L000996,S0218,108.0,/category,desktop,7,0
L000997,S0032,,/home,MOBILE,2,0
L000998,S0298,144.0,/product,mobile,11,0
L000999,S0363,227.0,/product,MOBILE,7,0
L001000,S0089,212.0,/home,mobile,1,0
L001001,S0079,,/home,desktop,4,0
L001002,S0058,80.0,/home,Mobile,14,0
L001003,S0336,183.0,/product,DESKTOP,21,0
L001004,S0011,18.0,/category,Mobile,13,0
L001005,S0075,124.0,/category,MOBILE,19,0
L001006,S0128,239.0,/category,MOBILE,14,0
L001007,S0235,179.0,/category,MOBILE,14,0
L001008,S0305,236.0,/product,MOBILE,0,0
L001009,S0301,240.0,/category,desktop,4,0
L001010,S0050,217.0,/product,desktop,18,0
L001011,S0030,5.0,/checkout,desktop,5,0
L001012,S0288,222.0,/category,mobile,21,0
L001013,S0009,108.0,/cart,desktop,2,0
L001014,S0255,262.0,/cart,MOBILE,5,0
L001015,S0113,124.0,/category,mobile,22,0
L001016,S0250,155.0,/product,Mobile,9,0
L001017,S0088,115.0,/home,DESKTOP,11,0
L001018,S0256,233.0,/product,mobile,0,0
L001019,S0293,292.0,/product,MOBILE,17,0
L001020,S0063,151.0,/home,mobile,16,0
L001021,S0390,258.0,/category,mobile,0,0
L001022,S0224,117.0,/cart,Mobile,15,0
L001023,S0299,78.0,/checkout,desktop,16,0
L001024,S0340,280.0,/cart,mobile,5,0
L001025,S0333,179.0,/cart,desktop,9,0
L001026,S0231,310.0,/home,desktop,20,0
L001027,S0050,322.0,/product,mobile,3,1
L001028,S0062,86.0,/home,MOBILE,8,0
L001029,S0113,319.0,/home,Mobile,21,0
L001030,S0198,,/checkout,desktop,13,0
L001031,S0081,,/home,mobile,3,0
L001032,S0164,153.0,/home,DESKTOP,11,0
L001033,S0325,158.0,/home,Mobile,5,0
L001034,S0027,98.0,/cart,DESKTOP,5,0
L001035,S0274,160.0,/cart,DESKTOP,19,0
L001036,S0308,91.0,/home,mobile,7,0
L001037,S0086,189.0,/category,DESKTOP,11,0
L001038,S0197,106.0,/cart,mobile,20,0
L001039,S0211,312.0,/home,Mobile,8,0
L001040,S0226,290.0,/home,MOBILE,19,0
L001041,S0004,227.0,/product,Mobile,23,0
L001042,S0192,103.0,/home,mobile,11,0
L001043,S0335,171.0,/home,DESKTOP,22,0
L001044,S0260,132.0,/product,MOBILE,6,0
L001045,S0050,272.0,/product,mobile,11,0
L001046,S0135,336.0,/home,MOBILE,8,0
L001047,S0087,140.0,/checkout,DESKTOP,17,0
L001048,S0200,146.0,/category,desktop,1,0
L001049,S0322,171.0,/product,mobile,23,0
L001050,S0078,181.0,/home,mobile,1,0
L001051,S0340,216.0,/product,mobile,11,0
L001052,S0103,164.0,/home,mobile,23,0
L001053,S0197,313.0,/home,mobile,15,0
L001054,S0058,242.0,/product,desktop,5,0
L001055,S0209,270.0,/cart,desktop,12,0
L001056,S0037,146.0,/cart,DESKTOP,15,0
L001057,S0076,253.0,/product,MOBILE,1,0
L001058,S0212,369.0,/category,MOBILE,22,0
L001059,S0201,246.0,/cart,mobile,9,0
L001060,S0320,,/home,mobile,9,0
L001061,S0355,145.0,/home,mobile,5,0
L001062,S0336,142.0,/product,desktop,19,0
L001063,S0105,160.0,/cart,mobile,4,0
L001064,S0132,245.0,/product,mobile,0,0
L001065,S0154,209.0,/product,mobile,23,0
L001066,S0131,,/category,mobile,13,0
L001067,S0162,203.0,/home,desktop,17,0
L001068,S0106,220.0,/home,desktop,21,0
L001069,S0108,220.0,/home,mobile,11,0
L001070,S0223,336.0,/checkout,mobile,10,0
L001071,S0320,176.0,/category,Mobile,16,0
L001072,S0343,360.0,/home,mobile,20,0
L001073,S0026,180.0,/category,desktop,3,0
L001074,S0245,186.0,/product,Mobile,6,0
L001075,S0298,231.0,/home,desktop,17,0
L001076,S0343,183.0,/product,desktop,15,0
L001077,S0236,71.0,/home,MOBILE,1,0
L001078,S0392,289.0,/cart,mobile,18,0
L001079,S0025,65.0,/cart,MOBILE,18,0
L001080,S0224,56.0,/home,desktop,0,0
L001081,S0062,272.0,/cart,MOBILE,9,0
L001082,S0075,252.0,/home,MOBILE,5,0
L001083,S0059,129.0,/home,Mobile,16,0
L001084,S0240,96.0,/home,Mobile,22,0
L001085,S0032,268.0,/product,mobile,8,0
L001086,S0383,327.0,/category,DESKTOP,0,0
L001087,S0154,180.0,/category,Mobile,2,0
L001088,S0087,156.0,/home,mobile,7,0
L001089,S0293,174.0,/home,desktop,15,1
L001090,S0343,240.0,/home,DESKTOP,12,0
L001091,S0096,205.0,/product,MOBILE,15,0
L001092,S0095,236.0,/category,Mobile,14,0
L001093,S0184,224.0,/category,MOBILE,9,0
L001094,S0157,217.0,/cart,Mobile,8,0
L001095,S0037,103.0,/category,Mobile,12,0
L001096,S0272,341.0,/product,MOBILE,0,0
L001097,S0209,229.0,/home,MOBILE,1,0
L001098,S0174,210.0,/product,desktop,21,0
L001099,S0022,54.0,/checkout,MOBILE,14,0
L001100,S0259,188.0,/cart,MOBILE,22,0
L001101,S0150,106.0,/product,MOBILE,6,0
L001102,S0030,286.0,/product,desktop,14,0
L001103,S0005,197.0,/home,Mobile,1,0
L001104,S0367,237.0,/cart,DESKTOP,15,0
L001105,S0150,203.0,/home,desktop,21,0
L001106,S0317,163.0,/product,mobile,0,0
L001107,S0302,364.0,/category,Mobile,0,0
L001108,S0050,32.0,/cart,MOBILE,8,0
L001109,S0328,118.0,/home,DESKTOP,7,0
L001110,S0277,189.0,/product,DESKTOP,6,0
L001111,S0213,169.0,/category,desktop,13,0
L001112,S0335,200.0,/home,mobile,23,0
L001113,S0323,153.0,/product,Mobile,14,0
L001114,S0048,,/product,Mobile,11,0
L001115,S0009,283.0,/product,mobile,21,1
L001116,S0072,18.0,/home,mobile,20,0
L001117,S0023,181.0,/cart,Mobile,13,0
L001118,S0167,83.0,/product,desktop,11,0
L001119,S0270,93.0,/home,MOBILE,10,1
L001120,S0270,170.0,/product,desktop,14,0
L001121,S0271,77.0,/category,mobile,21,0
L001122,S0081,274.0,/home,mobile,0,0
L001123,S0007,196.0,/product,desktop,23,0
L001124,S0157,267.0,/cart,MOBILE,16,0
L001125,S0307,31.0,/checkout,Mobile,15,0
L001126,S0039,120.0,/cart,Mobile,13,0
L001127,S0063,243.0,/category,desktop,16,0
L001128,S0377,198.0,/home,mobile,6,0
L001129,S0133,157.0,/home,desktop,22,0
L001130,S0304,213.0,/product,Mobile,12,0
L001131,S0104,65.0,/home,mobile,23,0
L001132,S0057,217.0,/home,Mobile,10,0
L001133,S0043,205.0,/checkout,MOBILE,6,0
L001134,S0196,165.0,/home,mobile,14,0
L001135,S0212,,/home,mobile,4,1
L001136,S0332,113.0,/category,MOBILE,7,0
L001137,S0095,259.0,/home,MOBILE,13,0
L001138,S0192,271.0,/home,MOBILE,8,0
L001139,S0273,150.0,/category,DESKTOP,6,0
L001140,S0382,149.0,/product,MOBILE,10,0
L001141,S0323,291.0,/home,desktop,2,0
L001142,S0075,176.0,/home,MOBILE,12,0
L001143,S0265,71.0,/category,mobile,4,0
L001144,S0169,106.0,/product,desktop,14,0
L001145,S0131,137.0,/home,MOBILE,16,0
L001146,S0172,303.0,/home,mobile,0,0
L001147,S0032,229.0,/home,Mobile,10,0
L001148,S0070,114.0,/category,mobile,15,0
L001149,S0071,254.0,/category,mobile,11,0
L001150,S0073,90.0,/home,Mobile,11,0
L001151,S0168,286.0,/home,MOBILE,3,0
L001152,S0383,233.0,/home,MOBILE,2,0
L001153,S0148,128.0,/product,DESKTOP,5,1
L001154,S0232,168.0,/product,DESKTOP,2,0
L001155,S0172,204.0,/product,mobile,9,0
L001156,S0230,109.0,/home,mobile,0,0
L001157,S0086,258.0,/home,Mobile,21,0
L001158,S0177,113.0,/product,desktop,18,0
L001159,S0375,179.0,/home,MOBILE,12,0
L001160,S0053,297.0,/product,DESKTOP,20,0
L001161,S0380,198.0,/product,Mobile,7,0
L001162,S0162,122.0,/home,Mobile,1,0
L001163,S0222,105.0,/category,mobile,0,0
L001164,S0139,146.0,/category,mobile,1,0
L001165,S0249,159.0,/home,desktop,16,0
L001166,S0148,132.0,/cart,MOBILE,10,0
L001167,S0090,144.0,/home,Mobile,22,0
L001168,S0150,291.0,/home,MOBILE,11,0
L001169,S0348,393.0,/home,mobile,17,0
L001170,S0213,119.0,/checkout,mobile,11,0
L001171,S0239,80.0,/cart,mobile,22,0
L001172,S0024,138.0,/product,DESKTOP,9,0
L001173,S0004,315.0,/cart,desktop,22,0
L001174,S0283,44.0,/home,desktop,13,0
L001175,S0106,86.0,/cart,DESKTOP,3,0
L001176,S0279,146.0,/category,mobile,18,0
L001177,S0359,168.0,/home,mobile,1,0
L001178,S0094,290.0,/home,mobile,12,0
L001179,S0027,218.0,/home,desktop,19,0
L001180,S0086,,/category,mobile,3,0
L001181,S0348,167.0,/category,DESKTOP,16,0
L001182,S0323,154.0,/product,mobile,14,0
L001183,S0360,,/home,desktop,2,0
L001184,S0088,104.0,/category,desktop,1,1
L001185,S0063,220.0,/category,DESKTOP,3,0
L001186,S0375,157.0,/home,desktop,12,0
L001187,S0356,,/cart,DESKTOP,18,0
L001188,S0275,154.0,/home,MOBILE,0,0
L001189,S0288,154.0,/category,MOBILE,15,0
L001190,S0225,140.0,/category,Mobile,1,0
L001191,S0080,133.0,/home,Mobile,8,0
L001192,S0365,182.0,/product,MOBILE,15,0
L001193,S0107,195.0,/home,desktop,9,0
L001194,S0287,87.0,/home,DESKTOP,6,1
L001195,S0400,322.0,/home,Mobile,7,0
L001196,S0272,210.0,/checkout,mobile,12,0
L001197,S0396,32.0,/category,mobile,6,0
L001198,S0202,269.0,/home,DESKTOP,4,0
L001199,S0036,236.0,/product,mobile,1,1
L001200,S0145,226.0,/product,mobile,21,0
L001201,S0306,167.0,/home,Mobile,4,0
L001202,S0161,168.0,/home,mobile,15,1
L001203,S0141,,/home,mobile,11,0
L001204,S0012,171.0,/category,DESKTOP,8,0
L001205,S0192,105.0,/home,mobile,6,0
L001206,S0158,5.0,/product,Mobile,9,0
L001207,S0164,236.0,/cart,mobile,5,0
L001208,S0017,158.0,/category,desktop,19,0
L001209,S0150,111.0,/home,DESKTOP,14,0
L001210,S0372,252.0,/cart,mobile,21,0
L001211,S0346,109.0,/home,Mobile,15,0
L001212,S0163,19.0,/category,desktop,17,0
L001213,S0053,136.0,/category,desktop,22,0
L001214,S0203,211.0,/product,desktop,5,0
L001215,S0092,123.0,/cart,Mobile,0,0
L001216,S0122,218.0,/home,mobile,15,0
L001217,S0182,261.0,/category,MOBILE,3,0
L001218,S0274,145.0,/home,Mobile,3,0
L001219,S0023,291.0,/product,mobile,16,0
L001220,S0304,24.0,/cart,desktop,19,0
L001221,S0092,269.0,/home,DESKTOP,0,0
L001222,S0004,101.0,/product,desktop,1,0
L001223,S0206,214.0,/category,MOBILE,6,0
L001224,S0074,72.0,/cart,desktop,10,0
L001225,S0015,182.0,/cart,desktop,10,0
L001226,S0078,211.0,/category,mobile,16,0
L001227,S0298,203.0,/home,MOBILE,9,0
L001228,S0361,193.0,/home,mobile,19,0
L001229,S0159,196.0,/category,Mobile,22,0
L001230,S0104,168.0,/category,desktop,18,0
L001231,S0277,174.0,/home,mobile,16,0
L001232,S0233,141.0,/home,Mobile,4,0
L001233,S0337,108.0,/product,Mobile,19,0
L001234,S0225,,/home,MOBILE,18,0
L001235,S0346,80.0,/category,mobile,10,0
L001236,S0196,,/product,desktop,12,0
L001237,S0134,,/cart,Mobile,3,0
L001238,S0184,204.0,/product,desktop,10,0
L001239,S0226,143.0,/product,Mobile,4,0
L001240,S0137,178.0,/product,desktop,18,0
L001241,S0222,236.0,/category,MOBILE,13,1
L001242,S0270,207.0,/home,mobile,14,0
L001243,S0240,150.0,/category,desktop,8,0
L001244,S0305,118.0,/category,desktop,1,0
L001245,S0040,179.0,/product,MOBILE,2,0
L001246,S0236,144.0,/cart,Mobile,7,0
L001247,S0305,207.0,/home,Mobile,8,0
L001248,S0103,102.0,/home,mobile,5,0
L001249,S0030,161.0,/home,mobile,21,0
L001250,S0226,191.0,/home,mobile,23,0
L001251,S0013,245.0,/checkout,desktop,23,0
L001252,S0058,,/home,MOBILE,5,0
L001253,S0169,149.0,/category,MOBILE,5,0
L001254,S0121,120.0,/product,mobile,21,0
L001255,S0396,198.0,/product,mobile,13,0
L001256,S0066,382.0,/home,desktop,0,0
L001257,S0086,220.0,/category,Mobile,7,0
L001258,S0220,166.0,/checkout,DESKTOP,22,0
L001259,S0042,154.0,/category,mobile,19,0
L001260,S0221,51.0,/home,Mobile,1,0
L001261,S0098,146.0,/category,desktop,3,0
L001262,S0386,257.0,/home,mobile,5,0
L001263,S0269,,/home,MOBILE,22,0
L001264,S0135,318.0,/product,MOBILE,23,0
L001265,S0356,206.0,/category,mobile,13,0
L001266,S0124,285.0,/home,desktop,17,0
L001267,S0395,275.0,/home,mobile,1,0
L001268,S0055,142.0,/home,DESKTOP,1,0
L001269,S0238,99.0,/product,desktop,18,0
L001270,S0154,191.0,/home,Mobile,0,0
L001271,S0382,234.0,/checkout,DESKTOP,13,0
L001272,S0215,272.0,/home,Mobile,20,0
L001273,S0210,,/product,desktop,3,0
L001274,S0049,323.0,/product,desktop,0,1
L001275,S0167,176.0,/home,mobile,21,0
L001276,S0183,124.0,/home,MOBILE,22,0
L001277,S0222,122.0,/home,mobile,2,0
L001278,S0380,295.0,/category,desktop,10,0
L001279,S0097,96.0,/category,desktop,3,0
L001280,S0071,245.0,/home,desktop,7,0
L001281,S0378,272.0,/product,desktop,10,0
L001282,S0125,102.0,/checkout,mobile,8,0
L001283,S0209,259.0,/home,MOBILE,9,0
L001284,S0185,116.0,/category,desktop,16,0
L001285,S0334,169.0,/product,Mobile,23,0
L001286,S0271,250.0,/home,mobile,14,0
L001287,S0002,85.0,/product,mobile,22,0
L001288,S0031,272.0,/product,mobile,1,0
L001289,S0210,2.0,/category,desktop,1,0
L001290,S0354,161.0,/home,desktop,7,0
L001291,S0060,207.0,/home,MOBILE,9,0
L001292,S0116,182.0,/cart,mobile,14,0
L001293,S0084,175.0,/home,desktop,10,0
L001294,S0107,210.0,/product,Mobile,20,0
L001295,S0157,254.0,/product,MOBILE,10,0
L001296,S0262,224.0,/checkout,DESKTOP,10,0
L001297,S0149,247.0,/cart,DESKTOP,13,0
L001298,S0340,175.0,/home,DESKTOP,13,0
L001299,S0041,85.0,/category,mobile,8,0
L001300,S0315,114.0,/home,mobile,22,0
L001301,S0046,316.0,/home,mobile,1,0
L001302,S0336,148.0,/category,mobile,18,0
L001303,S0272,176.0,/home,mobile,1,0
L001304,S0054,249.0,/checkout,desktop,11,0
L001305,S0082,25.0,/home,mobile,7,0
L001306,S0266,269.0,/product,mobile,2,0
L001307,S0282,,/home,desktop,3,0
L001308,S0290,215.0,/product,MOBILE,14,0
L001309,S0387,327.0,/cart,DESKTOP,11,0
L001310,S0122,335.0,/home,DESKTOP,3,0
L001311,S0039,270.0,/checkout,MOBILE,15,0
L001312,S0257,286.0,/product,MOBILE,1,0
L001313,S0321,247.0,/checkout,mobile,0,0
L001314,S0137,171.0,/category,mobile,10,0
L001315,S0126,259.0,/category,desktop,8,0
L001316,S0391,138.0,/checkout,MOBILE,23,0
L001317,S0221,321.0,/home,MOBILE,23,0
L001318,S0369,270.0,/category,mobile,4,0
L001319,S0093,280.0,/home,Mobile,6,0
L001320,S0225,,/home,desktop,3,0
L001321,S0210,219.0,/category,MOBILE,10,0
L001322,S0226,104.0,/cart,MOBILE,8,0
L001323,S0136,310.0,/home,desktop,21,0
L001324,S0133,205.0,/category,desktop,21,0
L001325,S0070,192.0,/product,mobile,14,0
L001326,S0317,120.0,/category,mobile,9,0
L001327,S0048,279.0,/category,Mobile,7,0
L001328,S0230,241.0,/product,mobile,6,0
L001329,S0319,267.0,/product,desktop,8,0
L001330,S0031,225.0,/category,MOBILE,3,0
L001331,S0306,21.0,/home,MOBILE,14,1
L001332,S0373,219.0,/product,mobile,5,0
L001333,S0354,,/category,mobile,4,0
L001334,S0383,141.0,/cart,MOBILE,22,0
L001335,S0390,181.0,/category,desktop,10,0
L001336,S0062,235.0,/home,DESKTOP,5,0
L001337,S0001,80.0,/product,mobile,11,0
L001338,S0040,123.0,/category,mobile,23,0
L001339,S0337,284.0,/home,DESKTOP,14,0
L001340,S0057,216.0,/checkout,DESKTOP,20,0
L001341,S0333,178.0,/home,desktop,8,1
L001342,S0068,22.0,/home,desktop,16,0
L001343,S0085,292.0,/product,MOBILE,0,0
L001344,S0133,399.0,/home,mobile,8,0
L001345,S0007,149.0,/home,mobile,5,0
L001346,S0166,238.0,/home,desktop,15,1
L001347,S0245,26.0,/product,MOBILE,20,0
L001348,S0135,51.0,/checkout,mobile,4,0
L001349,S0392,211.0,/checkout,Mobile,9,0
L001350,S0007,246.0,/product,Mobile,23,0
L001351,S0304,53.0,/category,DESKTOP,13,0
L001352,S0358,8.0,/product,MOBILE,0,0
L001353,S0053,180.0,/product,mobile,18,0
L001354,S0175,197.0,/category,DESKTOP,9,0
L001355,S0332,101.0,/home,Mobile,7,0
L001356,S0281,183.0,/checkout,desktop,10,0
L001357,S0049,233.0,/category,desktop,13,0
L001358,S0123,397.0,/home,Mobile,22,0
L001359,S0144,163.0,/home,DESKTOP,13,0
L001360,S0110,192.0,/home,mobile,0,0
L001361,S0236,112.0,/category,MOBILE,11,0
L001362,S0080,102.0,/home,mobile,5,0
L001363,S0246,247.0,/cart,Mobile,1,0
L001364,S0322,249.0,/category,mobile,1,0
L001365,S0392,143.0,/home,mobile,17,0
L001366,S0158,287.0,/product,desktop,20,0
L001367,S0284,259.0,/home,mobile,8,0
L001368,S0303,169.0,/product,mobile,5,0
L001369,S0181,6.0,/home,MOBILE,6,0
L001370,S0132,117.0,/home,desktop,4,0
L001371,S0156,116.0,/checkout,mobile,21,0
L001372,S0145,271.0,/home,mobile,12,0
L001373,S0247,181.0,/cart,mobile,15,0
L001374,S0188,106.0,/product,desktop,10,0
L001375,S0361,110.0,/cart,MOBILE,7,0
L001376,S0081,132.0,/product,Mobile,8,0
L001377,S0328,174.0,/product,Mobile,2,0
L001378,S0241,90.0,/cart,mobile,11,0
L001379,S0078,237.0,/home,MOBILE,4,0
L001380,S0332,119.0,/checkout,desktop,5,0
L001381,S0251,139.0,/home,MOBILE,8,0
L001382,S0019,142.0,/product,Mobile,10,0
L001383,S0266,178.0,/product,mobile,18,0
L001384,S0301,181.0,/home,DESKTOP,10,0
L001385,S0127,228.0,/product,MOBILE,19,0
L001386,S0266,,/product,mobile,11,0
L001387,S0131,51.0,/product,desktop,23,0
L001388,S0354,132.0,/home,DESKTOP,0,0
L001389,S0069,23.0,/home,mobile,7,0
L001390,S0259,171.0,/home,MOBILE,12,0
L001391,S0323,76.0,/product,MOBILE,0,0
L001392,S0306,277.0,/home,MOBILE,15,0
L001393,S0195,201.0,/product,Mobile,23,0
L001394,S0153,227.0,/category,Mobile,17,0
L001395,S0254,156.0,/product,MOBILE,13,0
L001396,S0255,333.0,/home,Mobile,3,0
L001397,S0217,233.0,/category,mobile,23,1
L001398,S0306,144.0,/category,MOBILE,5,0
L001399,S0175,174.0,/category,MOBILE,14,0
L001400,S0181,110.0,/category,Mobile,11,0
L001401,S0123,131.0,/home,mobile,21,0
L001402,S0203,88.0,/home,mobile,4,0
L001403,S0200,120.0,/cart,mobile,13,0
L001404,S0020,215.0,/product,MOBILE,4,0
L001405,S0127,143.0,/home,mobile,7,0
L001406,S0131,95.0,/home,Mobile,19,0
L001407,S0202,163.0,/product,mobile,9,0
L001408,S0294,166.0,/product,desktop,2,0
L001409,S0300,155.0,/home,mobile,7,0
L001410,S0214,230.0,/product,desktop,2,0
L001411,S0182,253.0,/product,mobile,14,0
L001412,S0176,225.0,/home,desktop,20,0
L001413,S0137,235.0,/checkout,DESKTOP,14,0
L001414,S0160,286.0,/product,desktop,23,0
L001415,S0382,202.0,/checkout,MOBILE,22,0
L001416,S0284,310.0,/cart,MOBILE,11,0
L001417,S0323,103.0,/home,MOBILE,1,0
L001418,S0086,110.0,/product,MOBILE,11,0
L001419,S0217,147.0,/product,MOBILE,11,0
L001420,S0068,205.0,/checkout,mobile,20,0
L001421,S0055,160.0,/product,desktop,3,1
L001422,S0023,253.0,/home,mobile,8,0
L001423,S0298,,/product,mobile,3,0
L001424,S0164,,/checkout,desktop,19,0
L001425,S0265,235.0,/home,Mobile,17,0
L001426,S0023,362.0,/checkout,desktop,20,0
L001427,S0327,186.0,/category,mobile,18,0
L001428,S0326,,/product,mobile,2,0
L001429,S0344,143.0,/home,mobile,16,0
L001430,S0289,201.0,/product,Mobile,10,0
L001431,S0172,171.0,/home,DESKTOP,5,0
L001432,S0174,25.0,/category,mobile,13,0
L001433,S0317,,/category,DESKTOP,3,0
L001434,S0171,165.0,/product,Mobile,2,0
L001435,S0261,160.0,/product,mobile,7,0
L001436,S0251,104.0,/category,mobile,2,0
L001437,S0081,200.0,/home,desktop,10,0
L001438,S0131,220.0,/home,mobile,16,0
L001439,S0070,187.0,/home,MOBILE,16,0
L001440,S0176,102.0,/cart,MOBILE,3,0
L001441,S0056,206.0,/category,Mobile,1,0
L001442,S0094,80.0,/checkout,MOBILE,7,0
L001443,S0384,197.0,/home,Mobile,22,0
L001444,S0153,196.0,/category,desktop,8,0
L001445,S0213,187.0,/home,mobile,6,0
L001446,S0305,226.0,/category,desktop,8,0
L001447,S0339,224.0,/product,DESKTOP,11,0
L001448,S0322,169.0,/category,DESKTOP,22,0
L001449,S0335,40.0,/cart,MOBILE,13,0
L001450,S0062,183.0,/home,desktop,9,0
L001451,S0124,204.0,/product,mobile,22,0
L001452,S0089,148.0,/home,DESKTOP,22,0
L001453,S0070,291.0,/category,mobile,0,0
L001454,S0106,125.0,/home,Mobile,0,0
L001455,S0289,202.0,/home,DESKTOP,8,0
L001456,S0069,262.0,/category,MOBILE,12,0
L001457,S0149,55.0,/checkout,Mobile,11,0
L001458,S0192,,/product,mobile,4,0
L001459,S0160,10.0,/cart,MOBILE,11,0
L001460,S0365,392.0,/cart,MOBILE,5,0
L001461,S0239,121.0,/checkout,Mobile,21,0
L001462,S0033,150.0,/product,mobile,18,0
L001463,S0094,135.0,/home,MOBILE,3,0
L001464,S0203,202.0,/product,desktop,18,0
L001465,S0120,191.0,/cart,desktop,5,0
L001466,S0284,162.0,/home,MOBILE,21,0
L001467,S0152,157.0,/category,mobile,13,0
L001468,S0395,162.0,/home,mobile,20,0
L001469,S0377,253.0,/product,desktop,18,0
L001470,S0376,10.0,/home,desktop,19,0
L001471,S0338,224.0,/category,MOBILE,4,0
L001472,S0361,335.0,/home,mobile,14,0
L001473,S0086,6.0,/checkout,mobile,0,0
L001474,S0167,317.0,/cart,desktop,3,0
L001475,S0265,,/home,MOBILE,2,0
L001476,S0011,,/product,desktop,2,0
L001477,S0388,180.0,/category,MOBILE,11,0
L001478,S0314,120.0,/home,desktop,1,0
L001479,S0031,146.0,/home,MOBILE,0,0
L001480,S0056,111.0,/category,mobile,19,0
L001481,S0323,186.0,/checkout,mobile,15,0
L001482,S0129,231.0,/home,Mobile,6,1
L001483,S0306,212.0,/category,Mobile,8,0
L001484,S0166,,/product,mobile,21,0
L001485,S0359,128.0,/category,MOBILE,22,0
L001486,S0101,15.0,/home,desktop,14,0
L001487,S0214,125.0,/category,DESKTOP,9,0
L001488,S0162,210.0,/home,mobile,9,0
L001489,S0088,291.0,/cart,Mobile,8,0
L001490,S0262,25.0,/product,mobile,10,0
L001491,S0276,122.0,/category,MOBILE,21,0
L001492,S0105,137.0,/product,desktop,14,0
L001493,S0259,150.0,/home,desktop,22,0
L001494,S0283,283.0,/product,MOBILE,15,0
L001495,S0262,123.0,/home,mobile,16,0
L001496,S0140,158.0,/checkout,Mobile,4,0
L001497,S0062,177.0,/product,desktop,2,0
L001498,S0048,47.0,/home,DESKTOP,3,0
L001499,S0039,250.0,/product,DESKTOP,15,0
L001500,S0098,74.0,/home,Mobile,23,0
L001501,S0175,139.0,/product,desktop,7,0
L001502,S0021,296.0,/checkout,Mobile,1,0
L001503,S0388,21.0,/checkout,MOBILE,17,0
L001504,S0185,,/home,MOBILE,2,0
L001505,S0069,162.0,/checkout,Mobile,22,0
L001506,S0062,,/home,desktop,4,0
L001507,S0263,206.0,/cart,mobile,14,0
L001508,S0152,80.0,/home,MOBILE,11,0
L001509,S0208,193.0,/checkout,Mobile,11,0
L001510,S0177,295.0,/product,Mobile,9,0
L001511,S0094,202.0,/checkout,DESKTOP,9,0
L001512,S0165,,/home,mobile,3,0
L001513,S0136,156.0,/product,Mobile,14,0
L001514,S0048,130.0,/home,mobile,8,0
L001515,S0110,184.0,/category,mobile,22,0
L001516,S0391,296.0,/home,mobile,0,0
L001517,S0253,50.0,/home,desktop,16,0
L001518,S0396,245.0,/home,DESKTOP,19,0
L001519,S0127,168.0,/home,DESKTOP,21,0
L001520,S0070,184.0,/product,MOBILE,16,0
L001521,S0113,143.0,/home,mobile,13,0
L001522,S0217,,/product,DESKTOP,12,0
L001523,S0331,45.0,/checkout,mobile,20,0
L001524,S0062,164.0,/cart,MOBILE,19,0
L001525,S0286,269.0,/product,desktop,21,0
L001526,S0308,212.0,/home,desktop,23,0
L001527,S0243,159.0,/product,mobile,11,0
L001528,S0171,136.0,/product,Mobile,9,0
L001529,S0370,271.0,/product,desktop,12,0
L001530,S0183,307.0,/home,Mobile,8,0
L001531,S0090,220.0,/home,desktop,17,0
L001532,S0121,256.0,/home,MOBILE,11,0
L001533,S0023,93.0,/product,desktop,10,0
L001534,S0273,208.0,/home,mobile,18,0
L001535,S0209,136.0,/product,mobile,10,0
L001536,S0077,53.0,/home,mobile,17,0
L001537,S0256,283.0,/category,DESKTOP,17,0
L001538,S0307,283.0,/product,mobile,10,0
L001539,S0027,246.0,/product,MOBILE,7,0
L001540,S0245,184.0,/category,desktop,11,0
L001541,S0166,247.0,/home,DESKTOP,10,0
L001542,S0215,227.0,/category,desktop,14,0
L001543,S0393,170.0,/product,mobile,21,0
L001544,S0194,166.0,/home,desktop,13,0
L001545,S0160,218.0,/product,mobile,14,0
L001546,S0042,72.0,/home,MOBILE,6,0
L001547,S0047,110.0,/category,MOBILE,15,0
L001548,S0221,130.0,/home,desktop,21,0
L001549,S0253,178.0,/cart,desktop,6,0
L001550,S0261,236.0,/category,MOBILE,22,0
L001551,S0356,17.0,/home,MOBILE,22,0
L001552,S0177,363.0,/category,mobile,16,0
L001553,S0092,48.0,/product,MOBILE,3,0
L001554,S0357,,/product,DESKTOP,3,0
L001555,S0178,246.0,/home,mobile,18,0
L001556,S0219,148.0,/category,DESKTOP,19,0
L001557,S0138,171.0,/category,MOBILE,13,1
L001558,S0027,198.0,/product,mobile,17,0
L001559,S0286,75.0,/home,mobile,10,0
L001560,S0243,167.0,/category,desktop,13,0
L001561,S0363,230.0,/home,MOBILE,18,0
L001562,S0069,269.0,/home,MOBILE,14,0
L001563,S0349,227.0,/cart,MOBILE,9,0
L001564,S0349,237.0,/product,desktop,0,1
L001565,S0272,183.0,/home,desktop,10,0
L001566,S0111,245.0,/home,desktop,0,0
L001567,S0025,259.0,/product,MOBILE,13,0
L001568,S0286,189.0,/cart,mobile,2,0
L001569,S0250,89.0,/home,Mobile,0,1
L001570,S0002,163.0,/product,MOBILE,19,0
L001571,S0020,113.0,/category,DESKTOP,7,0
L001572,S0362,190.0,/checkout,Mobile,19,0
L001573,S0303,,/home,MOBILE,4,0
L001574,S0353,228.0,/product,desktop,18,1
L001575,S0083,169.0,/product,mobile,4,0
L001576,S0089,191.0,/cart,mobile,6,0
L001577,S0246,351.0,/checkout,mobile,13,0
L001578,S0257,215.0,/product,MOBILE,19,0
L001579,S0185,211.0,/product,mobile,17,0
L001580,S0208,229.0,/checkout,Mobile,0,0
L001581,S0281,136.0,/category,mobile,7,0
L001582,S0355,167.0,/checkout,mobile,16,0
L001583,S0127,177.0,/category,MOBILE,17,0
L001584,S0203,178.0,/product,desktop,19,0
L001585,S0216,307.0,/home,mobile,5,0
L001586,S0035,94.0,/product,MOBILE,5,0
L001587,S0277,176.0,/category,Mobile,5,0
L001588,S0312,258.0,/home,mobile,10,0
L001589,S0053,147.0,/checkout,Mobile,3,0
L001590,S0324,176.0,/home,Mobile,19,0
L001591,S0365,165.0,/home,mobile,7,0
L001592,S0270,125.0,/product,mobile,11,0
L001593,S0091,216.0,/product,MOBILE,8,0
L001594,S0289,,/home,Mobile,22,0
L001595,S0016,170.0,/home,DESKTOP,3,0
L001596,S0236,268.0,/product,MOBILE,11,0
L001597,S0386,196.0,/cart,mobile,11,0
L001598,S0215,172.0,/home,MOBILE,8,0
L001599,S0318,156.0,/category,mobile,8,0
L001600,S0130,122.0,/product,desktop,19,1
L001601,S0214,232.0,/home,MOBILE,21,0
L001602,S0229,194.0,/category,DESKTOP,21,0
L001603,S0143,146.0,/checkout,mobile,7,1
L001604,S0009,108.0,/home,Mobile,15,1
L001605,S0093,214.0,/home,mobile,3,0
L001606,S0020,61.0,/home,desktop,21,0
L001607,S0132,230.0,/category,MOBILE,17,0
L001608,S0074,337.0,/cart,desktop,5,0
L001609,S0347,74.0,/category,Mobile,17,0
L001610,S0152,92.0,/home,MOBILE,6,0
L001611,S0172,155.0,/home,Mobile,23,0
L001612,S0066,169.0,/product,mobile,1,0
L001613,S0304,235.0,/checkout,mobile,5,0
L001614,S0024,156.0,/checkout,MOBILE,15,0
L001615,S0220,58.0,/home,mobile,5,0
L001616,S0239,234.0,/home,DESKTOP,23,0
L001617,S0366,297.0,/product,mobile,10,0
L001618,S0377,187.0,/checkout,desktop,23,0
L001619,S0363,165.0,/home,desktop,7,0
L001620,S0060,258.0,/product,mobile,1,0
L001621,S0211,252.0,/checkout,MOBILE,6,0
L001622,S0395,220.0,/category,mobile,18,0
L001623,S0160,47.0,/category,mobile,2,0
L001624,S0085,,/checkout,MOBILE,7,0
L001625,S0260,259.0,/home,MOBILE,18,0
L001626,S0181,38.0,/home,DESKTOP,20,0
L001627,S0361,192.0,/cart,MOBILE,18,0
L001628,S0040,161.0,/cart,desktop,16,0
L001629,S0091,207.0,/product,DESKTOP,17,0
L001630,S0055,203.0,/product,desktop,12,0
L001631,S0353,23.0,/product,Mobile,15,0
L001632,S0119,207.0,/home,MOBILE,1,0
L001633,S0392,156.0,/home,mobile,16,0
L001634,S0027,186.0,/home,MOBILE,13,0
L001635,S0060,67.0,/product,Mobile,6,1
L001636,S0303,231.0,/product,Mobile,17,0
L001637,S0217,148.0,/cart,Mobile,11,0
L001638,S0220,71.0,/product,mobile,7,0
L001639,S0305,199.0,/cart,mobile,6,0
L001640,S0018,98.0,/checkout,Mobile,3,0
L001641,S0076,249.0,/home,MOBILE,6,0
L001642,S0227,166.0,/product,DESKTOP,17,0
L001643,S0056,93.0,/home,desktop,5,0
L001644,S0304,15.0,/product,MOBILE,13,0
L001645,S0199,268.0,/home,MOBILE,17,0
L001646,S0326,150.0,/category,desktop,17,0
L001647,S0074,72.0,/product,desktop,22,0
L001648,S0121,77.0,/product,mobile,5,0
L001649,S0267,130.0,/cart,desktop,19,0
L001650,S0078,43.0,/home,desktop,23,0
L001651,S0311,188.0,/product,mobile,18,0
L001652,S0255,238.0,/category,DESKTOP,21,0
L001653,S0322,236.0,/category,mobile,15,0
L001654,S0164,153.0,/product,Mobile,11,0
L001655,S0134,121.0,/cart,mobile,21,0
L001656,S0133,169.0,/home,mobile,20,0
L001657,S0140,77.0,/cart,mobile,19,0
L001658,S0319,114.0,/product,mobile,15,0
L001659,S0051,219.0,/cart,desktop,11,0
L001660,S0049,138.0,/category,MOBILE,17,0
L001661,S0275,0.0,/home,Mobile,23,0
L001662,S0138,110.0,/category,mobile,2,0
L001663,S0133,140.0,/home,desktop,10,0
L001664,S0028,290.0,/product,mobile,13,0
L001665,S0190,264.0,/home,mobile,15,0
L001666,S0154,178.0,/cart,MOBILE,16,0
L001667,S0131,177.0,/checkout,mobile,11,0
L001668,S0360,72.0,/cart,mobile,22,0
L001669,S0298,321.0,/cart,mobile,17,0
L001670,S0017,272.0,/product,DESKTOP,17,0
L001671,S0316,256.0,/product,mobile,22,0
L001672,S0066,234.0,/home,desktop,3,0
L001673,S0301,161.0,/home,desktop,21,0
L001674,S0355,88.0,/category,desktop,3,0
L001675,S0374,290.0,/product,Mobile,19,0
L001676,S0287,286.0,/product,mobile,22,0
L001677,S0303,205.0,/category,DESKTOP,3,0
L001678,S0295,224.0,/checkout,mobile,9,0
L001679,S0219,118.0,/product,MOBILE,19,0
L001680,S0332,319.0,/cart,mobile,9,0
L001681,S0068,383.0,/home,MOBILE,3,0
L001682,S0187,151.0,/category,Mobile,9,0
L001683,S0162,81.0,/product,Mobile,0,0
L001684,S0187,304.0,/home,desktop,17,0
L001685,S0064,222.0,/cart,Mobile,23,1
L001686,S0379,207.0,/category,MOBILE,23,0
L001687,S0114,96.0,/home,MOBILE,22,0
L001688,S0143,262.0,/category,Mobile,1,0
L001689,S0289,179.0,/product,MOBILE,15,0
L001690,S0244,259.0,/product,mobile,22,0
L001691,S0194,218.0,/home,mobile,8,0
L001692,S0165,272.0,/product,Mobile,1,0
L001693,S0320,184.0,/product,DESKTOP,16,0
L001694,S0277,226.0,/product,mobile,17,0
L001695,S0022,170.0,/home,Mobile,20,0
L001696,S0118,230.0,/category,mobile,11,0
L001697,S0119,95.0,/home,MOBILE,1,0
L001698,S0271,215.0,/checkout,mobile,16,0
L001699,S0283,189.0,/cart,mobile,20,0
L001700,S0374,193.0,/home,MOBILE,0,0
L001701,S0349,84.0,/cart,desktop,9,0
L001702,S0054,67.0,/product,DESKTOP,6,0
L001703,S0385,184.0,/home,MOBILE,5,0
L001704,S0268,26.0,/home,Mobile,15,0
L001705,S0178,335.0,/home,mobile,17,0
L001706,S0066,203.0,/home,DESKTOP,3,0
L001707,S0358,172.0,/product,desktop,23,0
L001708,S0137,185.0,/category,MOBILE,23,0
L001709,S0115,194.0,/category,mobile,23,0
L001710,S0100,161.0,/home,mobile,16,0
L001711,S0090,185.0,/checkout,Mobile,23,0
L001712,S0075,142.0,/category,MOBILE,4,0
L001713,S0089,72.0,/category,desktop,22,0
L001714,S0097,245.0,/home,MOBILE,2,0
L001715,S0261,93.0,/product,MOBILE,19,0
L001716,S0371,104.0,/category,mobile,6,0
L001717,S0025,208.0,/checkout,Mobile,0,0
L001718,S0116,249.0,/category,mobile,8,0
L001719,S0103,145.0,/home,mobile,15,0
L001720,S0385,3.0,/home,Mobile,7,0
L001721,S0321,266.0,/home,Mobile,15,0
L001722,S0062,241.0,/category,mobile,14,0
L001723,S0026,118.0,/cart,Mobile,23,0
L001724,S0074,91.0,/category,mobile,0,0
L001725,S0113,236.0,/home,mobile,4,0
L001726,S0294,152.0,/home,MOBILE,12,0
L001727,S0283,127.0,/checkout,DESKTOP,22,0
L001728,S0320,175.0,/checkout,desktop,14,0
L001729,S0247,213.0,/home,desktop,1,0
L001730,S0308,247.0,/product,mobile,12,0
L001731,S0064,88.0,/category,DESKTOP,16,0
L001732,S0266,181.0,/cart,desktop,0,0
L001733,S0245,43.0,/product,Mobile,2,0
L001734,S0294,128.0,/home,mobile,12,0
L001735,S0273,144.0,/category,MOBILE,17,0
L001736,S0188,138.0,/checkout,mobile,21,0
L001737,S0278,158.0,/cart,mobile,3,0
L001738,S0095,125.0,/category,DESKTOP,21,0
L001739,S0056,191.0,/category,MOBILE,5,0
L001740,S0070,252.0,/home,mobile,3,0
L001741,S0390,,/category,mobile,2,0
L001742,S0014,109.0,/home,desktop,15,0
L001743,S0132,145.0,/category,mobile,14,0
L001744,S0148,161.0,/home,mobile,15,0
L001745,S0237,151.0,/category,mobile,9,0
L001746,S0010,129.0,/product,mobile,10,0
L001747,S0139,248.0,/cart,Mobile,20,0
L001748,S0044,252.0,/home,desktop,20,0
L001749,S0231,144.0,/home,MOBILE,16,0
L001750,S0189,74.0,/product,DESKTOP,13,0
L001751,S0259,125.0,/category,Mobile,20,0
L001752,S0093,276.0,/home,desktop,23,0
L001753,S0168,241.0,/home,MOBILE,4,0
L001754,S0249,146.0,/category,mobile,15,0
L001755,S0188,216.0,/home,DESKTOP,21,0
L001756,S0013,255.0,/checkout,desktop,21,0
L001757,S0145,281.0,/category,mobile,7,0
L001758,S0031,120.0,/home,DESKTOP,11,0
L001759,S0347,287.0,/product,Mobile,0,0
L001760,S0137,212.0,/home,Mobile,13,0
L001761,S0275,,/checkout,mobile,2,0
L001762,S0099,127.0,/home,mobile,15,0
L001763,S0216,,/category,desktop,2,0
L001764,S0152,173.0,/cart,mobile,13,0
L001765,S0004,119.0,/home,desktop,4,0
L001766,S0214,126.0,/home,mobile,16,0
L001767,S0187,133.0,/home,mobile,17,0
L001768,S0349,85.0,/checkout,mobile,5,0
L001769,S0371,116.0,/home,Mobile,16,0
L001770,S0146,271.0,/category,Mobile,15,0
L001771,S0178,178.0,/home,MOBILE,0,1
L001772,S0277,177.0,/home,MOBILE,7,0
L001773,S0382,72.0,/home,MOBILE,20,0
L001774,S0042,132.0,/product,mobile,14,0
L001775,S0302,237.0,/cart,mobile,2,0
L001776,S0390,6.0,/product,desktop,10,0
L001777,S0308,169.0,/home,desktop,20,0
L001778,S0225,126.0,/product,DESKTOP,2,0
L001779,S0291,,/home,Mobile,16,0
L001780,S0304,110.0,/home,desktop,7,0
L001781,S0360,196.0,/category,MOBILE,6,0
L001782,S0307,234.0,/home,mobile,23,0
L001783,S0356,243.0,/home,mobile,22,0
L001784,S0029,88.0,/home,desktop,12,0
L001785,S0079,218.0,/cart,desktop,0,0
L001786,S0267,259.0,/home,desktop,16,0
L001787,S0325,278.0,/home,DESKTOP,16,0
L001788,S0200,58.0,/category,MOBILE,21,0
L001789,S0298,222.0,/category,mobile,21,0
L001790,S0057,112.0,/home,MOBILE,18,0
L001791,S0382,,/home,MOBILE,4,1
L001792,S0385,209.0,/home,mobile,20,0
L001793,S0067,244.0,/product,mobile,19,0
L001794,S0210,110.0,/home,desktop,8,0
L001795,S0093,95.0,/product,MOBILE,21,0
L001796,S0338,221.0,/category,MOBILE,12,0
L001797,S0155,192.0,/product,MOBILE,20,0
L001798,S0282,83.0,/home,MOBILE,20,0
L001799,S0211,210.0,/product,Mobile,6,0
L001800,S0104,87.0,/home,DESKTOP,22,0
L001801,S0364,138.0,/product,mobile,15,0
L001802,S0385,102.0,/cart,mobile,13,0
L001803,S0311,348.0,/product,MOBILE,20,0
L001804,S0363,207.0,/home,mobile,13,0
L001805,S0307,197.0,/home,mobile,1,0
L001806,S0061,213.0,/home,desktop,16,0
L001807,S0273,67.0,/category,DESKTOP,7,0
L001808,S0236,269.0,/category,Mobile,13,0
L001809,S0382,217.0,/home,mobile,22,0
L001810,S0311,126.0,/cart,mobile,23,0
L001811,S0129,13.0,/category,Mobile,18,0
L001812,S0345,,/product,mobile,2,0
L001813,S0083,140.0,/category,desktop,16,0
L001814,S0145,127.0,/checkout,MOBILE,9,0
L001815,S0365,172.0,/product,MOBILE,15,0
L001816,S0385,301.0,/product,mobile,7,0
L001817,S0063,166.0,/checkout,Mobile,19,0
L001818,S0135,,/checkout,DESKTOP,2,0
L001819,S0250,190.0,/category,desktop,5,0
L001820,S0049,107.0,/home,MOBILE,18,0
L001821,S0287,58.0,/category,Mobile,0,0
L001822,S0276,159.0,/category,Mobile,12,0
L001823,S0102,122.0,/home,MOBILE,20,0
L001824,S0264,123.0,/home,mobile,8,0
L001825,S0055,34.0,/checkout,MOBILE,10,0
L001826,S0043,112.0,/cart,MOBILE,9,0
L001827,S0060,,/home,mobile,19,0
L001828,S0220,152.0,/product,mobile,5,0
L001829,S0336,166.0,/product,mobile,3,0
L001830,S0332,229.0,/category,desktop,11,0
L001831,S0352,181.0,/cart,MOBILE,0,1
L001832,S0295,181.0,/product,MOBILE,18,0
L001833,S0282,86.0,/home,DESKTOP,14,1
L001834,S0164,157.0,/home,Mobile,18,0
L001835,S0023,146.0,/home,MOBILE,22,0
L001836,S0018,183.0,/checkout,DESKTOP,16,0
L001837,S0388,244.0,/product,Mobile,3,0
L001838,S0026,203.0,/home,MOBILE,19,0
L001839,S0327,199.0,/category,DESKTOP,23,0
L001840,S0135,51.0,/home,Mobile,18,0
L001841,S0327,262.0,/home,mobile,6,0
L001842,S0333,57.0,/home,desktop,20,0
L001843,S0305,276.0,/checkout,mobile,5,0
L001844,S0094,295.0,/home,Mobile,5,0
L001845,S0247,193.0,/home,mobile,10,0
L001846,S0113,295.0,/category,desktop,13,0
L001847,S0342,142.0,/cart,mobile,20,0
L001848,S0190,186.0,/home,mobile,1,0
L001849,S0203,121.0,/home,DESKTOP,15,0
L001850,S0324,255.0,/product,MOBILE,20,0
L001851,S0082,165.0,/cart,MOBILE,5,0
L001852,S0288,176.0,/category,MOBILE,18,0
L001853,S0314,238.0,/home,mobile,12,0
L001854,S0318,194.0,/checkout,desktop,1,0
L001855,S0371,165.0,/product,mobile,4,0
L001856,S0282,278.0,/product,DESKTOP,22,0
L001857,S0398,51.0,/home,DESKTOP,17,0
L001858,S0266,80.0,/home,mobile,20,1
L001859,S0273,203.0,/category,mobile,1,0
L001860,S0112,160.0,/category,mobile,4,0
L001861,S0202,122.0,/home,MOBILE,10,0
L001862,S0212,185.0,/category,MOBILE,8,0
L001863,S0078,163.0,/category,mobile,0,0
L001864,S0290,295.0,/category,MOBILE,22,0
L001865,S0223,,/home,MOBILE,4,0
L001866,S0146,190.0,/checkout,MOBILE,8,0
L001867,S0267,210.0,/home,mobile,20,0
L001868,S0278,,/category,MOBILE,3,0
L001869,S0129,185.0,/checkout,Mobile,20,0
L001870,S0393,191.0,/checkout,Mobile,6,0
L001871,S0292,133.0,/home,MOBILE,12,0
L001872,S0290,287.0,/home,desktop,3,0
L001873,S0347,163.0,/category,mobile,20,0
L001874,S0227,104.0,/home,MOBILE,6,0
L001875,S0106,183.0,/cart,mobile,7,0
L001876,S0251,136.0,/home,mobile,12,0
L001877,S0361,149.0,/product,Mobile,21,0
L001878,S0358,256.0,/category,mobile,1,0
L001879,S0020,157.0,/checkout,MOBILE,7,0
L001880,S0044,145.0,/product,MOBILE,10,0
L001881,S0165,225.0,/category,desktop,14,0
L001882,S0345,25.0,/home,desktop,22,0
L001883,S0096,231.0,/checkout,mobile,8,0
L001884,S0312,260.0,/product,DESKTOP,9,0
L001885,S0065,200.0,/category,desktop,16,0
L001886,S0102,209.0,/home,mobile,13,0
L001887,S0016,172.0,/category,DESKTOP,14,0
L001888,S0231,190.0,/product,DESKTOP,6,0
L001889,S0355,108.0,/home,mobile,15,0
L001890,S0134,158.0,/category,MOBILE,0,0
L001891,S0169,156.0,/home,MOBILE,2,0
L001892,S0041,,/home,DESKTOP,4,0
L001893,S0110,130.0,/category,DESKTOP,6,0
L001894,S0286,96.0,/product,desktop,7,0
L001895,S0139,181.0,/product,desktop,16,0
L001896,S0094,274.0,/cart,MOBILE,19,0
L001897,S0351,211.0,/category,DESKTOP,4,0
L001898,S0110,344.0,/product,MOBILE,7,0
L001899,S0159,101.0,/cart,mobile,2,0
L001900,S0331,211.0,/product,desktop,23,0
L001901,S0004,159.0,/cart,DESKTOP,21,0
L001902,S0046,203.0,/checkout,mobile,14,0
L001903,S0114,274.0,/product,Mobile,6,0
L001904,S0338,151.0,/product,Mobile,0,0
L001905,S0236,18.0,/category,desktop,4,0
L001906,S0063,327.0,/category,Mobile,22,0
L001907,S0157,300.0,/category,mobile,3,1
L001908,S0286,,/category,MOBILE,4,0
L001909,S0257,262.0,/product,mobile,21,0
L001910,S0082,30.0,/home,MOBILE,10,0
L001911,S0195,99.0,/home,Mobile,13,0
L001912,S0194,169.0,/home,desktop,17,0
L001913,S0002,99.0,/product,desktop,6,0
L001914,S0244,106.0,/checkout,mobile,15,0
L001915,S0358,,/category,mobile,6,0
L001916,S0133,191.0,/product,mobile,23,0
L001917,S0228,151.0,/category,mobile,1,0
L001918,S0228,141.0,/checkout,DESKTOP,7,0
L001919,S0277,153.0,/product,desktop,23,0
L001920,S0224,312.0,/product,mobile,0,0
L001921,S0089,77.0,/category,MOBILE,21,0
L001922,S0066,185.0,/product,Mobile,12,0
L001923,S0236,187.0,/product,Mobile,8,1
L001924,S0307,46.0,/checkout,desktop,14,0
L001925,S0135,197.0,/category,mobile,10,0
L001926,S0047,59.0,/home,DESKTOP,16,0
L001927,S0106,,/product,Mobile,3,0
L001928,S0371,126.0,/home,desktop,23,0
L001929,S0005,286.0,/home,mobile,14,0
L001930,S0321,203.0,/cart,MOBILE,22,0
L001931,S0031,264.0,/home,mobile,11,0
L001932,S0371,131.0,/home,Mobile,5,0
L001933,S0019,197.0,/product,mobile,5,0
L001934,S0385,112.0,/home,Mobile,11,0
L001935,S0117,262.0,/category,desktop,5,0
L001936,S0085,268.0,/home,DESKTOP,5,0
L001937,S0168,283.0,/home,mobile,16,0
L001938,S0348,196.0,/product,desktop,19,0
L001939,S0304,217.0,/home,desktop,12,0
L001940,S0226,189.0,/home,MOBILE,0,0
L001941,S0131,262.0,/product,Mobile,22,0
L001942,S0031,130.0,/cart,desktop,6,0
L001943,S0319,94.0,/home,mobile,11,0
L001944,S0036,127.0,/cart,mobile,4,0
L001945,S0096,209.0,/product,mobile,2,0
L001946,S0325,196.0,/product,DESKTOP,1,0
L001947,S0020,152.0,/category,mobile,1,0
L001948,S0130,307.0,/home,Mobile,5,0
L001949,S0372,143.0,/home,mobile,19,0
L001950,S0325,105.0,/home,DESKTOP,21,0
L001951,S0007,243.0,/cart,mobile,1,0
L001952,S0223,167.0,/product,desktop,8,0
L001953,S0328,272.0,/cart,Mobile,11,0
L001954,S0236,198.0,/home,desktop,14,0
L001955,S0156,322.0,/home,Mobile,9,0
L001956,S0330,180.0,/product,mobile,8,0
L001957,S0114,76.0,/home,DESKTOP,17,0
L001958,S0349,89.0,/product,DESKTOP,11,0
L001959,S0041,196.0,/home,MOBILE,18,0
L001960,S0299,73.0,/product,MOBILE,12,0
L001961,S0167,57.0,/checkout,mobile,18,0
L001962,S0137,209.0,/product,mobile,17,0
L001963,S0229,159.0,/product,MOBILE,2,0
L001964,S0075,126.0,/home,Mobile,9,0
L001965,S0095,175.0,/home,Mobile,19,0
L001966,S0022,135.0,/product,desktop,22,0
L001967,S0224,70.0,/home,Mobile,5,0
L001968,S0070,46.0,/home,desktop,4,0
L001969,S0236,65.0,/product,Mobile,21,0
L001970,S0311,,/product,DESKTOP,2,0
L001971,S0221,210.0,/product,MOBILE,1,0
L001972,S0340,91.0,/category,mobile,13,0
L001973,S0030,213.0,/home,mobile,11,0
L001974,S0317,227.0,/category,mobile,6,0
L001975,S0024,189.0,/product,desktop,20,0
L001976,S0344,171.0,/checkout,mobile,14,0
L001977,S0024,241.0,/home,mobile,18,0
L001978,S0323,126.0,/cart,MOBILE,7,0
L001979,S0339,216.0,/product,DESKTOP,0,0
L001980,S0142,1.0,/checkout,Mobile,19,0
L001981,S0135,149.0,/category,mobile,13,0
L001982,S0137,291.0,/category,MOBILE,22,0
L001983,S0081,,/checkout,mobile,3,0
L001984,S0380,115.0,/product,MOBILE,13,0
L001985,S0027,77.0,/product,desktop,16,0
L001986,S0318,217.0,/home,mobile,22,0
L001987,S0345,228.0,/home,mobile,11,0
L001988,S0077,282.0,/home,Mobile,7,0
L001989,S0112,147.0,/category,mobile,10,0
L001990,S0322,231.0,/home,mobile,1,0
L001991,S0265,301.0,/home,mobile,3,0
L001992,S0137,353.0,/home,DESKTOP,12,0
L001993,S0042,83.0,/category,mobile,6,0
L001994,S0198,154.0,/category,MOBILE,17,0
L001995,S0046,145.0,/category,Mobile,6,0
L001996,S0225,241.0,/home,desktop,9,0
L001997,S0022,148.0,/home,Mobile,0,0
L001998,S0395,212.0,/product,MOBILE,9,0
L001999,S0097,200.0,/home,desktop,13,0
L002000,S0110,94.0,/product,mobile,16,0
L002001,S0147,289.0,/category,DESKTOP,16,0
L002002,S0103,164.0,/product,MOBILE,0,0
L002003,S0154,228.0,/product,mobile,23,0
L002004,S0203,147.0,/home,mobile,1,0
L002005,S0254,161.0,/home,mobile,13,0
L002006,S0084,124.0,/product,Mobile,8,0
L002007,S0152,171.0,/category,DESKTOP,12,0
L002008,S0327,125.0,/category,mobile,0,0
L002009,S0120,153.0,/category,DESKTOP,20,0
L002010,S0265,78.0,/home,Mobile,7,0
L002011,S0053,182.0,/cart,MOBILE,14,0
L002012,S0136,270.0,/checkout,mobile,19,0
L002013,S0105,207.0,/product,DESKTOP,9,0
L002014,S0082,132.0,/product,mobile,20,0
L002015,S0323,291.0,/category,desktop,22,1
L002016,S0065,160.0,/category,desktop,12,0
L002017,S0262,,/home,mobile,2,0
L002018,S0250,262.0,/cart,DESKTOP,3,0
L002019,S0074,89.0,/home,Mobile,12,0
L002020,S0037,202.0,/category,mobile,14,0
L002021,S0308,205.0,/cart,mobile,12,0
L002022,S0400,,/checkout,DESKTOP,17,0
L002023,S0181,,/product,mobile,18,0
L002024,S0305,131.0,/product,mobile,21,0
L002025,S0308,125.0,/checkout,Mobile,13,0
L002026,S0250,238.0,/home,DESKTOP,7,0
L002027,S0313,188.0,/home,mobile,12,0
L002028,S0045,319.0,/category,DESKTOP,8,0
L002029,S0237,165.0,/category,desktop,14,0
L002030,S0144,,/cart,desktop,2,0
L002031,S0370,96.0,/product,MOBILE,17,0
L002032,S0065,,/home,mobile,3,0
L002033,S0310,234.0,/product,MOBILE,11,0
L002034,S0200,175.0,/cart,desktop,13,0
L002035,S0310,125.0,/home,Mobile,13,0
L002036,S0208,132.0,/home,Mobile,1,0
L002037,S0187,220.0,/category,Mobile,22,0
L002038,S0067,82.0,/category,mobile,5,0
L002039,S0258,173.0,/cart,desktop,5,0
L002040,S0312,45.0,/home,mobile,14,0
L002041,S0311,219.0,/home,Mobile,18,0
L002042,S0149,49.0,/home,desktop,11,0
L002043,S0335,194.0,/category,desktop,14,0
L002044,S0231,106.0,/checkout,desktop,9,0
L002045,S0078,170.0,/home,MOBILE,19,0
L002046,S0347,290.0,/category,desktop,15,0
L002047,S0172,136.0,/home,mobile,18,0
L002048,S0110,291.0,/home,mobile,7,0
L002049,S0068,234.0,/product,mobile,22,0
L002050,S0200,112.0,/home,mobile,10,0
L002051,S0270,36.0,/home,mobile,5,0
L002052,S0381,176.0,/home,mobile,1,0
L002053,S0339,84.0,/checkout,desktop,0,0
L002054,S0343,,/home,MOBILE,1,0
L002055,S0359,284.0,/checkout,mobile,22,0
L002056,S0198,180.0,/home,MOBILE,15,0
L002057,S0115,88.0,/home,MOBILE,0,0
L002058,S0277,124.0,/checkout,MOBILE,8,0
L002059,S0168,78.0,/cart,MOBILE,5,0
L002060,S0334,190.0,/category,mobile,16,0
L002061,S0399,257.0,/category,MOBILE,11,1
L002062,S0148,72.0,/home,DESKTOP,18,0
L002063,S0232,178.0,/home,Mobile,1,0
L002064,S0295,269.0,/product,MOBILE,2,0
L002065,S0379,118.0,/checkout,DESKTOP,23,0
L002066,S0145,277.0,/category,desktop,4,0
L002067,S0369,131.0,/home,mobile,18,0
L002068,S0264,308.0,/cart,mobile,17,0
L002069,S0304,94.0,/home,mobile,13,0
L002070,S0355,153.0,/category,desktop,10,0
L002071,S0124,269.0,/home,DESKTOP,2,0
L002072,S0247,199.0,/cart,mobile,12,0
L002073,S0208,206.0,/home,MOBILE,9,0
L002074,S0161,194.0,/home,Mobile,21,0
L002075,S0106,196.0,/home,DESKTOP,8,0
L002076,S0085,264.0,/product,MOBILE,1,0
L002077,S0186,120.0,/home,MOBILE,20,0
L002078,S0232,249.0,/cart,mobile,2,0
L002079,S0057,189.0,/product,desktop,2,0
L002080,S0225,103.0,/home,MOBILE,19,0
L002081,S0163,97.0,/product,mobile,15,0
L002082,S0338,194.0,/home,MOBILE,13,0
L002083,S0138,275.0,/home,desktop,10,0
L002084,S0175,188.0,/product,desktop,3,0
L002085,S0362,283.0,/cart,mobile,16,0
L002086,S0114,177.0,/cart,DESKTOP,14,0
L002087,S0143,175.0,/product,Mobile,18,0
L002088,S0333,166.0,/home,desktop,1,0
L002089,S0129,142.0,/category,MOBILE,15,0
L002090,S0315,139.0,/product,mobile,6,0
L002091,S0161,147.0,/checkout,mobile,9,0
L002092,S0103,235.0,/home,DESKTOP,1,0
L002093,S0011,209.0,/product,desktop,9,0
L002094,S0167,190.0,/checkout,Mobile,21,0
L002095,S0191,352.0,/category,mobile,8,0
L002096,S0220,151.0,/category,DESKTOP,19,0
L002097,S0375,181.0,/home,Mobile,6,0
L002098,S0011,163.0,/category,mobile,17,0
L002099,S0354,174.0,/product,MOBILE,11,0
L002100,S0092,84.0,/cart,MOBILE,3,0
L002101,S0206,153.0,/category,mobile,15,0
L002102,S0297,305.0,/home,mobile,7,0
L002103,S0394,218.0,/product,mobile,17,0
L002104,S0282,276.0,/home,desktop,18,0
L002105,S0287,298.0,/checkout,MOBILE,8,0
L002106,S0317,172.0,/home,mobile,23,0
L002107,S0116,188.0,/cart,MOBILE,5,0
L002108,S0150,392.0,/category,MOBILE,11,0
L002109,S0351,266.0,/home,DESKTOP,10,0
L002110,S0283,145.0,/product,mobile,18,0
L002111,S0281,144.0,/cart,DESKTOP,2,0
L002112,S0172,293.0,/home,desktop,3,0
L002113,S0262,137.0,/home,MOBILE,17,0
L002114,S0144,147.0,/cart,DESKTOP,14,0
L002115,S0097,326.0,/home,Mobile,0,0
L002116,S0077,194.0,/cart,Mobile,18,0
L002117,S0330,252.0,/checkout,Mobile,2,0
L002118,S0021,121.0,/category,MOBILE,5,0
L002119,S0359,230.0,/product,mobile,16,0
L002120,S0048,33.0,/home,desktop,8,0
L002121,S0258,288.0,/category,MOBILE,8,0
L002122,S0189,214.0,/home,mobile,17,0
L002123,S0300,150.0,/category,mobile,3,0
L002124,S0139,273.0,/checkout,Mobile,22,0
L002125,S0334,295.0,/category,MOBILE,11,0
L002126,S0185,194.0,/category,desktop,9,0
L002127,S0313,237.0,/product,MOBILE,20,0
L002128,S0066,200.0,/category,mobile,14,0
L002129,S0269,158.0,/product,MOBILE,12,0
L002130,S0011,105.0,/category,mobile,10,0
L002131,S0011,154.0,/home,desktop,9,0
L002132,S0178,119.0,/category,mobile,22,0
L002133,S0203,204.0,/home,mobile,17,0
L002134,S0109,196.0,/home,MOBILE,11,0
L002135,S0170,288.0,/home,desktop,1,0
L002136,S0106,164.0,/home,MOBILE,5,0
L002137,S0068,92.0,/cart,desktop,11,0
L002138,S0364,257.0,/category,mobile,3,0
L002139,S0074,240.0,/checkout,MOBILE,13,0
L002140,S0309,138.0,/product,MOBILE,8,0
L002141,S0281,147.0,/product,DESKTOP,19,0
L002142,S0038,137.0,/category,mobile,11,0
L002143,S0291,117.0,/cart,MOBILE,18,0
L002144,S0244,131.0,/home,MOBILE,16,0
L002145,S0032,218.0,/cart,desktop,17,0
L002146,S0099,,/product,DESKTOP,3,0
L002147,S0239,264.0,/product,mobile,2,0
L002148,S0337,251.0,/category,DESKTOP,18,0
L002149,S0356,139.0,/product,desktop,3,0
L002150,S0341,241.0,/product,MOBILE,10,0
L002151,S0126,157.0,/home,mobile,10,0
L002152,S0343,282.0,/checkout,mobile,7,0
L002153,S0056,309.0,/home,MOBILE,5,0
L002154,S0321,127.0,/category,DESKTOP,13,0
L002155,S0177,285.0,/home,mobile,19,0
L002156,S0378,21.0,/category,mobile,12,0
L002157,S0112,171.0,/home,Mobile,14,0
L002158,S0307,139.0,/home,desktop,8,0
L002159,S0285,115.0,/product,MOBILE,17,0
L002160,S0274,268.0,/product,desktop,12,0
L002161,S0128,248.0,/checkout,mobile,14,0
L002162,S0400,356.0,/home,desktop,10,0
L002163,S0352,208.0,/home,DESKTOP,0,0
L002164,S0292,244.0,/home,mobile,19,0
L002165,S0116,4.0,/category,mobile,21,0
L002166,S0348,189.0,/category,mobile,6,0
L002167,S0010,94.0,/category,DESKTOP,9,0
L002168,S0131,190.0,/category,mobile,0,0
L002169,S0266,247.0,/home,DESKTOP,0,1
L002170,S0285,99.0,/home,Mobile,16,0
L002171,S0071,322.0,/home,MOBILE,13,0
L002172,S0179,288.0,/home,mobile,22,0
L002173,S0182,375.0,/product,MOBILE,0,0
L002174,S0291,248.0,/product,desktop,8,0
L002175,S0093,149.0,/product,desktop,19,0
L002176,S0109,326.0,/home,desktop,12,0
L002177,S0345,262.0,/product,mobile,4,0
L002178,S0034,122.0,/home,desktop,8,0
L002179,S0108,270.0,/home,MOBILE,8,0
L002180,S0382,174.0,/product,desktop,18,0
L002181,S0215,42.0,/home,DESKTOP,16,0
L002182,S0130,147.0,/home,MOBILE,0,0
L002183,S0158,85.0,/category,mobile,5,0
L002184,S0299,202.0,/category,mobile,10,0
L002185,S0369,183.0,/product,DESKTOP,13,0
L002186,S0118,138.0,/home,Mobile,9,0
L002187,S0163,272.0,/product,desktop,3,0
L002188,S0295,108.0,/cart,mobile,0,0
L002189,S0287,,/category,mobile,4,0
L002190,S0184,264.0,/product,desktop,20,0
L002191,S0176,49.0,/product,MOBILE,19,0
L002192,S0046,138.0,/checkout,mobile,11,0
L002193,S0024,139.0,/product,desktop,11,0
L002194,S0230,134.0,/home,desktop,14,0
L002195,S0314,123.0,/category,mobile,19,0
L002196,S0291,,/product,desktop,12,0
L002197,S0009,258.0,/product,MOBILE,10,0
L002198,S0190,145.0,/product,mobile,21,0
L002199,S0137,140.0,/category,MOBILE,12,0
L002200,S0115,98.0,/home,Mobile,9,0
L002201,S0356,100.0,/product,Mobile,4,0
L002202,S0204,193.0,/home,MOBILE,18,0
L002203,S0181,138.0,/category,mobile,1,0
L002204,S0314,240.0,/home,mobile,22,0
L002205,S0300,192.0,/cart,mobile,11,0
L002206,S0114,88.0,/home,MOBILE,9,0
L002207,S0381,122.0,/home,mobile,14,0
L002208,S0056,118.0,/product,MOBILE,14,0
L002209,S0395,164.0,/product,DESKTOP,4,0
L002210,S0181,150.0,/category,mobile,20,0
L002211,S0022,144.0,/product,desktop,10,0
L002212,S0057,335.0,/product,Mobile,11,0
L002213,S0254,290.0,/product,DESKTOP,20,0
L002214,S0174,160.0,/home,mobile,3,0
L002215,S0138,336.0,/category,Mobile,19,1
L002216,S0353,202.0,/home,MOBILE,9,0
L002217,S0332,93.0,/product,MOBILE,1,1
L002218,S0315,75.0,/home,mobile,12,0
L002219,S0171,83.0,/home,mobile,8,0
L002220,S0167,106.0,/product,mobile,10,0
L002221,S0225,155.0,/cart,MOBILE,17,0
L002222,S0075,123.0,/home,desktop,17,0
L002223,S0096,263.0,/home,mobile,7,1
L002224,S0394,68.0,/product,desktop,3,0
L002225,S0203,230.0,/product,desktop,1,0
L002226,S0133,122.0,/product,DESKTOP,23,0
L002227,S0023,180.0,/category,Mobile,15,0
L002228,S0082,140.0,/cart,mobile,15,0
L002229,S0345,265.0,/category,desktop,6,0
L002230,S0286,112.0,/category,mobile,15,0
L002231,S0050,78.0,/category,MOBILE,7,0
L002232,S0042,243.0,/category,MOBILE,2,0
L002233,S0253,223.0,/home,desktop,2,0
L002234,S0077,241.0,/product,DESKTOP,11,0
L002235,S0088,93.0,/home,desktop,6,0
L002236,S0301,181.0,/category,Mobile,7,0
L002237,S0163,144.0,/product,Mobile,14,0
L002238,S0041,94.0,/home,mobile,21,0
L002239,S0135,281.0,/checkout,mobile,13,0
L002240,S0150,86.0,/product,MOBILE,21,0
L002241,S0378,281.0,/home,desktop,22,0
L002242,S0131,12.0,/checkout,mobile,5,0
L002243,S0211,176.0,/home,MOBILE,15,0
L002244,S0389,171.0,/cart,MOBILE,19,0
L002245,S0024,242.0,/home,mobile,17,0
L002246,S0265,253.0,/product,mobile,1,0
L002247,S0253,208.0,/product,mobile,2,0
L002248,S0030,205.0,/category,desktop,9,0
L002249,S0155,118.0,/checkout,desktop,9,0
L002250,S0335,117.0,/cart,Mobile,17,0
L002251,S0045,,/home,MOBILE,4,0
L002252,S0038,215.0,/product,MOBILE,8,0
L002253,S0103,199.0,/category,MOBILE,10,0
L002254,S0244,224.0,/cart,mobile,17,0
L002255,S0046,266.0,/home,mobile,23,0
L002256,S0141,161.0,/product,mobile,23,0
L002257,S0083,168.0,/category,mobile,8,0
L002258,S0174,173.0,/category,desktop,5,0
L002259,S0004,,/product,mobile,4,0
L002260,S0080,248.0,/home,MOBILE,22,0
L002261,S0181,136.0,/home,MOBILE,1,0
L002262,S0018,317.0,/home,mobile,5,0
L002263,S0124,162.0,/category,mobile,12,0
L002264,S0065,141.0,/home,Mobile,22,0
L002265,S0368,10.0,/home,mobile,8,0
L002266,S0096,374.0,/product,MOBILE,7,0
L002267,S0328,259.0,/product,mobile,10,0
L002268,S0088,295.0,/cart,Mobile,16,0
L002269,S0175,292.0,/home,MOBILE,0,0
L002270,S0219,136.0,/product,Mobile,1,0
L002271,S0234,188.0,/home,mobile,16,0
L002272,S0350,120.0,/home,desktop,18,0
L002273,S0103,180.0,/home,MOBILE,17,0
L002274,S0356,317.0,/home,DESKTOP,20,0
L002275,S0393,204.0,/product,desktop,13,0
L002276,S0331,193.0,/home,desktop,0,0
L002277,S0131,124.0,/product,Mobile,2,0
L002278,S0063,254.0,/category,desktop,18,0
L002279,S0371,167.0,/product,MOBILE,21,0
L002280,S0120,257.0,/category,DESKTOP,20,0
L002281,S0046,209.0,/category,DESKTOP,20,0
L002282,S0019,255.0,/checkout,DESKTOP,1,1
L002283,S0343,310.0,/product,desktop,11,0
L002284,S0309,71.0,/cart,desktop,16,0
L002285,S0173,81.0,/category,mobile,0,0
L002286,S0097,200.0,/home,mobile,13,0
L002287,S0224,136.0,/product,desktop,1,0
L002288,S0280,184.0,/product,Mobile,14,0
L002289,S0021,169.0,/cart,DESKTOP,21,0
L002290,S0282,184.0,/product,desktop,5,0
L002291,S0388,231.0,/home,mobile,18,0
L002292,S0196,249.0,/home,desktop,16,0
L002293,S0072,45.0,/product,DESKTOP,21,0
L002294,S0300,183.0,/category,desktop,0,0
L002295,S0063,197.0,/product,mobile,22,0
L002296,S0337,194.0,/category,desktop,3,0
L002297,S0204,180.0,/category,MOBILE,7,1
L002298,S0032,293.0,/cart,MOBILE,5,1
L002299,S0017,160.0,/home,DESKTOP,9,0
L002300,S0295,225.0,/home,mobile,4,0
L002301,S0133,166.0,/home,Mobile,23,0
L002302,S0004,232.0,/home,DESKTOP,21,0
L002303,S0252,171.0,/product,mobile,22,0
L002304,S0335,3.0,/category,desktop,2,0
L002305,S0053,118.0,/home,mobile,19,0
L002306,S0124,158.0,/home,mobile,20,0
L002307,S0025,142.0,/product,desktop,21,0
L002308,S0004,96.0,/cart,MOBILE,6,0
L002309,S0333,87.0,/product,Mobile,5,0
L002310,S0071,215.0,/product,desktop,15,0
L002311,S0010,223.0,/cart,mobile,6,0
L002312,S0110,219.0,/home,Mobile,16,0
L002313,S0028,238.0,/home,mobile,11,0
L002314,S0270,191.0,/cart,mobile,16,0
L002315,S0376,208.0,/product,Mobile,20,0
L002316,S0208,276.0,/home,desktop,10,0
L002317,S0080,287.0,/checkout,MOBILE,8,0
L002318,S0398,144.0,/home,desktop,7,0
L002319,S0069,290.0,/checkout,desktop,20,0
L002320,S0300,260.0,/product,Mobile,11,0
L002321,S0109,204.0,/home,desktop,16,1
L002322,S0390,281.0,/checkout,MOBILE,8,0
L002323,S0249,254.0,/home,MOBILE,23,0
L002324,S0141,137.0,/home,mobile,8,0
L002325,S0169,182.0,/cart,mobile,3,0
L002326,S0214,284.0,/home,desktop,6,0
L002327,S0384,299.0,/product,desktop,15,0
L002328,S0074,133.0,/product,MOBILE,12,0
L002329,S0159,251.0,/category,mobile,8,0
L002330,S0059,,/home,desktop,19,0
L002331,S0115,51.0,/category,mobile,11,0
L002332,S0388,4.0,/home,mobile,12,0
L002333,S0316,132.0,/category,Mobile,8,0
L002334,S0037,140.0,/checkout,mobile,5,0
L002335,S0248,188.0,/cart,desktop,19,0
L002336,S0149,389.0,/product,mobile,19,0
L002337,S0103,262.0,/product,desktop,11,0
L002338,S0166,59.0,/product,DESKTOP,7,0
L002339,S0032,272.0,/product,Mobile,11,0
L002340,S0351,127.0,/home,Mobile,6,1
L002341,S0397,256.0,/home,desktop,20,0
L002342,S0389,57.0,/home,mobile,22,0
L002343,S0092,210.0,/category,Mobile,10,0
L002344,S0005,109.0,/home,desktop,1,0
L002345,S0277,174.0,/category,mobile,15,0
L002346,S0250,282.0,/product,Mobile,8,0
L002347,S0005,209.0,/category,mobile,18,0
L002348,S0103,144.0,/cart,MOBILE,16,0
L002349,S0119,134.0,/home,MOBILE,18,0
L002350,S0268,137.0,/category,MOBILE,7,0
L002351,S0300,272.0,/checkout,MOBILE,15,0
L002352,S0265,245.0,/home,Mobile,1,1
L002353,S0123,146.0,/product,mobile,21,0
L002354,S0260,160.0,/category,desktop,18,0
L002355,S0287,67.0,/checkout,desktop,17,0
L002356,S0295,268.0,/cart,desktop,8,0
L002357,S0200,261.0,/product,mobile,7,0
L002358,S0210,87.0,/checkout,MOBILE,8,0
L002359,S0293,17.0,/home,desktop,15,0
L002360,S0083,279.0,/product,MOBILE,19,0
L002361,S0010,41.0,/product,Mobile,3,0
L002362,S0211,151.0,/category,desktop,9,0
L002363,S0385,161.0,/checkout,MOBILE,18,0
L002364,S0032,133.0,/home,Mobile,11,0
L002365,S0192,158.0,/home,mobile,19,0
L002366,S0354,108.0,/home,desktop,14,0
L002367,S0298,229.0,/home,mobile,12,0
L002368,S0015,,/cart,desktop,3,0
L002369,S0309,304.0,/product,Mobile,17,0
L002370,S0362,231.0,/category,Mobile,20,0
L002371,S0198,260.0,/category,mobile,8,0
L002372,S0141,119.0,/cart,desktop,21,0
L002373,S0075,285.0,/checkout,desktop,19,1
L002374,S0029,244.0,/product,DESKTOP,2,0
L002375,S0198,187.0,/checkout,mobile,23,0
L002376,S0382,159.0,/category,mobile,19,0
L002377,S0165,183.0,/product,Mobile,10,0
L002378,S0365,200.0,/category,mobile,23,0
L002379,S0349,291.0,/product,MOBILE,13,0
L002380,S0098,226.0,/checkout,mobile,3,0
L002381,S0096,218.0,/category,mobile,19,0
L002382,S0114,158.0,/category,MOBILE,21,0
L002383,S0019,131.0,/product,mobile,20,0
L002384,S0388,278.0,/home,Mobile,17,1
L002385,S0246,116.0,/product,desktop,10,0
L002386,S0209,37.0,/product,MOBILE,9,0
L002387,S0368,126.0,/home,DESKTOP,11,0
L002388,S0022,130.0,/home,mobile,16,0
L002389,S0093,259.0,/home,desktop,7,0
L002390,S0068,247.0,/home,mobile,2,0
L002391,S0361,138.0,/home,mobile,20,0
L002392,S0135,105.0,/product,Mobile,18,0
L002393,S0062,291.0,/home,mobile,16,0
L002394,S0084,123.0,/cart,Mobile,19,0
L002395,S0314,75.0,/home,desktop,22,0
L002396,S0131,234.0,/home,desktop,21,0
L002397,S0129,117.0,/home,Mobile,2,0
L002398,S0337,224.0,/home,mobile,22,0
L002399,S0092,279.0,/product,mobile,19,0
L002400,S0273,237.0,/category,mobile,9,0
L002401,S0101,144.0,/product,desktop,0,0
L002402,S0210,228.0,/checkout,MOBILE,13,0
L002403,S0007,120.0,/product,mobile,20,0
L002404,S0114,,/home,desktop,3,0
L002405,S0265,209.0,/home,Mobile,2,0
L002406,S0288,175.0,/product,desktop,19,0
L002407,S0322,229.0,/home,mobile,10,0
L002408,S0332,191.0,/category,mobile,10,0
L002409,S0276,169.0,/category,mobile,11,1
L002410,S0290,116.0,/product,mobile,19,0
L002411,S0216,,/cart,Mobile,3,0
L002412,S0228,117.0,/category,mobile,6,0
L002413,S0030,140.0,/product,desktop,9,0
L002414,S0324,185.0,/product,desktop,14,0
L002415,S0047,184.0,/home,desktop,16,0
L002416,S0174,146.0,/product,mobile,23,0
L002417,S0177,116.0,/home,mobile,10,0
L002418,S0158,166.0,/home,DESKTOP,23,0
L002419,S0175,21.0,/category,DESKTOP,11,0
L002420,S0313,188.0,/checkout,mobile,0,0
L002421,S0383,202.0,/home,DESKTOP,16,0
L002422,S0170,270.0,/product,MOBILE,7,0
L002423,S0185,165.0,/product,mobile,6,0
L002424,S0086,82.0,/category,Mobile,5,0
L002425,S0060,246.0,/home,desktop,15,0
L002426,S0267,243.0,/home,MOBILE,15,0
L002427,S0055,233.0,/home,Mobile,20,0
L002428,S0076,142.0,/product,desktop,2,0
L002429,S0178,284.0,/home,MOBILE,9,0
L002430,S0011,,/product,mobile,17,0
L002431,S0370,270.0,/home,mobile,3,0
L002432,S0251,143.0,/product,mobile,10,0
L002433,S0160,283.0,/product,MOBILE,0,0
L002434,S0387,5.0,/home,MOBILE,18,0
L002435,S0261,297.0,/cart,mobile,23,0
L002436,S0078,313.0,/product,MOBILE,10,0
L002437,S0175,270.0,/checkout,mobile,3,0
L002438,S0238,165.0,/checkout,mobile,0,0
L002439,S0345,109.0,/product,mobile,17,0
L002440,S0282,187.0,/home,MOBILE,15,0
L002441,S0316,240.0,/checkout,MOBILE,18,0
L002442,S0135,264.0,/cart,MOBILE,18,0
L002443,S0316,267.0,/checkout,mobile,7,0
L002444,S0382,,/product,Mobile,3,0
L002445,S0276,194.0,/category,desktop,21,0
L002446,S0286,164.0,/checkout,MOBILE,19,0
L002447,S0338,138.0,/product,desktop,11,0
L002448,S0041,100.0,/home,mobile,11,0
L002449,S0364,249.0,/product,desktop,1,0
L002450,S0130,209.0,/product,MOBILE,9,0
L002451,S0359,130.0,/cart,Mobile,15,0
L002452,S0269,18.0,/home,MOBILE,7,0
L002453,S0019,134.0,/cart,mobile,7,0
L002454,S0273,216.0,/cart,mobile,14,0
L002455,S0062,213.0,/home,mobile,3,0
L002456,S0317,238.0,/home,MOBILE,11,0
L002457,S0139,333.0,/category,mobile,8,0
L002458,S0245,161.0,/home,MOBILE,20,0
L002459,S0066,219.0,/product,mobile,23,0
L002460,S0125,295.0,/home,desktop,19,0
L002461,S0285,156.0,/category,mobile,2,0
L002462,S0275,203.0,/home,mobile,22,0
L002463,S0324,114.0,/cart,DESKTOP,14,0
L002464,S0042,54.0,/category,desktop,1,0
L002465,S0045,357.0,/product,DESKTOP,11,0
L002466,S0049,220.0,/home,mobile,1,0
L002467,S0282,242.0,/checkout,mobile,22,0
L002468,S0102,148.0,/category,mobile,13,0
L002469,S0368,150.0,/product,desktop,20,0
L002470,S0325,39.0,/home,DESKTOP,12,0
L002471,S0066,235.0,/category,mobile,23,0
L002472,S0136,143.0,/cart,MOBILE,14,0
L002473,S0276,272.0,/home,desktop,22,0
L002474,S0183,116.0,/home,mobile,6,0
L002475,S0186,127.0,/product,mobile,22,0
L002476,S0010,295.0,/home,mobile,4,0
L002477,S0156,176.0,/product,MOBILE,9,1
L002478,S0393,338.0,/product,desktop,11,0
L002479,S0270,173.0,/cart,Mobile,11,0
L002480,S0319,108.0,/home,MOBILE,1,1
L002481,S0309,174.0,/home,MOBILE,6,0
L002482,S0399,222.0,/category,mobile,15,0
L002483,S0053,255.0,/product,MOBILE,0,0
L002484,S0394,101.0,/home,desktop,23,0
L002485,S0143,83.0,/category,mobile,13,0
L002486,S0184,165.0,/home,desktop,14,0
L002487,S0275,,/category,MOBILE,4,0
L002488,S0190,268.0,/category,mobile,23,0
L002489,S0369,189.0,/home,MOBILE,4,0
L002490,S0178,286.0,/category,MOBILE,5,0
L002491,S0033,214.0,/cart,mobile,14,0
L002492,S0227,295.0,/product,desktop,6,0
L002493,S0008,389.0,/product,desktop,20,0
L002494,S0044,78.0,/product,DESKTOP,20,0
L002495,S0030,,/category,desktop,3,0
L002496,S0128,224.0,/product,MOBILE,8,0
L002497,S0304,269.0,/category,Mobile,19,0
L002498,S0075,101.0,/home,mobile,23,0
L002499,S0243,184.0,/category,MOBILE,13,0
L002500,S0244,95.0,/checkout,mobile,10,0
L000001,S0176,275.0,/home,Mobile,23,0
L000002,S0197,217.0,/category,mobile,8,0
